id,name,screen_name,lang,match_name,match_ratio,followers_count,friends_count,truncated_id,is_org
106086098.0,ÅEHÄ°R Ãœniversitesi,SehirUniversite,tr, Istanbul Sehir Universitesi,84.0,12245.0,166.0,106086098,True
9.897921781834711e+17,ÅEHÄ°R MimarlÄ±k TasarÄ±m,sehir_arch_dsgn,tr, Åehir Ãœniversitesi (Ä°nsan ve Toplum Bilimleri FakÃ¼ltesi),86.0,198.0,20.0,989792178,True
758889025.0,Cihan Cobanoglu,cihansehiruni,tr, Cihan Cobanoglu,100.0,420.0,1001.0,758889025,True
8.350283620327424e+17,GiriÅŸimcilik KulÃ¼bÃ¼,SehirGirisim,tr,Girisimcilik Kulubu,91.0,172.0,338.0,835028362,True
3627550275.0,Interdisciplinary,IDatSEHIR,en,Interdisciplinary Society,95.0,257.0,43.0,362755027,True
8.70255908642857e+17,Åehir Siyaset,polssehir,en, Åehir Ãœniversitesi (Ä°nsan ve Toplum Bilimleri FakÃ¼ltesi),86.0,247.0,29.0,870255908,True
7.931662504867308e+17,ÅEHÄ°R Tiyatro,sehirdramaclub,tr, Åehir Ãœniversitesi (Ä°nsan ve Toplum Bilimleri FakÃ¼ltesi),86.0,52.0,14.0,793166250,True
8.477412042046341e+17,Åehir Cycling Club,SehirCycling,tr,Sehir Cycling Club,97.0,123.0,92.0,847741204,True
8.469450193113907e+17,Center Modern Turkey,sehirmot,en, Modern Turkiye Sosyal Bilimler Ogrenci Kongresi,86.0,207.0,138.0,846945019,True
8.416829082848788e+17,Åehir Kariyer Fest,sehircareerfest,tr, ! Sehir Kariyer Fest,97.0,242.0,218.0,841682908,True
8.192692307890872e+17,Sehir Alumni,sehir_alumni,en, Sehir Sehir,95.0,281.0,5.0,819269230,True
7.95546530845442e+17,ÅehirHalklaÄ°liÅŸkiler,hilsehir,tr, Halkla Iliskiler Ve Reklamcilik,70.0,128.0,128.0,795546530,True
7.96309949768958e+17,ÅehirMYO,SehirMYO,tr, Sehir Sehir,68.0,125.0,35.0,796309949,True
7.810511661887652e+17,Åehir Spor Merkezi,SehirUniSpor,tr, Åehir Ãœniversitesi (Ä°nsan ve Toplum Bilimleri FakÃ¼ltesi),86.0,111.0,4.0,781051166,True
7.368296999183401e+17,Åehir Ä°letiÅŸim,sehir_iletisim,tr, Åehir Ãœniversitesi (Ä°nsan ve Toplum Bilimleri FakÃ¼ltesi),86.0,300.0,267.0,736829699,True
2847233849.0,Åehir Muzik KulÃ¼bÃ¼,sehirmusicclub,tr, Åehir Ãœniversitesi (Ä°nsan ve Toplum Bilimleri FakÃ¼ltesi),86.0,243.0,250.0,284723384,True
2207630876.0,Åehir GenÃ§ YeÅŸilay,sehiryesilay,tr, Åehir Ãœniversitesi (Ä°nsan ve Toplum Bilimleri FakÃ¼ltesi),86.0,543.0,85.0,220763087,True
4576344862.0,SEHIR Computer Sci.,sehir_cs,en, Sehir Destek,86.0,163.0,35.0,457634486,True
4091594428.0,Åehir Icebreakers,sehiricebreaker,en, Åehir Ãœniversitesi (Ä°nsan ve Toplum Bilimleri FakÃ¼ltesi),86.0,113.0,53.0,409159442,True
4117422969.0,ÅEHÄ°R Felsefe BÃ¶lÃ¼mÃ¼,SehirFelsefe,tr, ! Felsefe,90.0,179.0,44.0,411742296,True
3892757176.0,Åehir AraÅŸtÄ±rmalarÄ±,SamSehir,tr, Åehir Ãœniversitesi (Ä°nsan ve Toplum Bilimleri FakÃ¼ltesi),86.0,2423.0,64.0,389275717,True
3158199343.0,Åehir Fest,sehirfest,tr, Åehir Ãœniversitesi (Ä°nsan ve Toplum Bilimleri FakÃ¼ltesi),86.0,85.0,65.0,315819934,True
2940722500.0,ÅEHÄ°R Kariyer Mrk.,SehirKariyer,tr, Åehir Ãœniversitesi (Ä°nsan ve Toplum Bilimleri FakÃ¼ltesi),86.0,620.0,195.0,294072250,True
2399301541.0,ÅEHÄ°R UNIBJK,SEHIRUNIBJK,en, Åehir Ãœniversitesi (Ä°nsan ve Toplum Bilimleri FakÃ¼ltesi),86.0,42.0,25.0,239930154,True
2529427087.0,Åehir Cinema TV,SehirCTV,en, Åehir Ãœniversitesi (Ä°nsan ve Toplum Bilimleri FakÃ¼ltesi),86.0,481.0,101.0,252942708,True
2545544532.0,Åehir Ä°slami Ä°limler,isifsehir,tr, Åehir Ãœniversitesi (Ä°nsan ve Toplum Bilimleri FakÃ¼ltesi),86.0,1889.0,8.0,254554453,True
2734040880.0,Åehir SBE,SehirSBE,tr, Åehir Ãœniversitesi (Ä°nsan ve Toplum Bilimleri FakÃ¼ltesi),86.0,502.0,16.0,273404088,True
1249100731.0,ÅEHÄ°R PostasÄ±,Sehir_Postasi,tr, Sehir Postasi,92.0,165.0,63.0,124910073,True
1979040049.0,SehirHukuk,Sehir_Law,en, Sehir Hukuk Fakultesi,81.0,426.0,181.0,197904004,True
1599743678.0,ÅEHÄ°R TTO,sehirtto,tr, Åehir Ãœniversitesi (Ä°nsan ve Toplum Bilimleri FakÃ¼ltesi),86.0,2439.0,449.0,159974367,True
1666891914.0,Ã–ÄŸrenci Etkinlikleri,SehirClubs,tr, ! Ogrenci Etkinlikleri Koordinasyon Kurulu,90.0,1407.0,100.0,166689191,True
1536995378.0,ÅEHÄ°R Sosyoloji,socsehir,en, ! Sosyoloji,90.0,3013.0,40.0,153699537,True
443009716.0,Åehir Sanat KulÃ¼bÃ¼,sehirsanat,tr, Åehir Ãœniversitesi (Ä°nsan ve Toplum Bilimleri FakÃ¼ltesi),86.0,118.0,37.0,443009716,True
174415744.0,sehir edebiyat,sehiredebiyat,en, Sehir Sehir,95.0,2067.0,288.0,174415744,True
1110823566.0,Åehir Library,sehirlibrary,tr, Library,90.0,926.0,48.0,111082356,True
431649345.0,ÅehirliOlmakGÃ¼zeldir,sehirliolmak,tr, Åehir Liderlik,58.0,754.0,44.0,431649345,True
1222491402.0,Åehir FM,sehir_fm,tr, Sehir FM,93.0,1020.0,85.0,122249140,True
443551180.0,ÅEHÄ°R International,irosehir,tr, Åehir Ãœniversitesi (Ä°nsan ve Toplum Bilimleri FakÃ¼ltesi),86.0,694.0,32.0,443551180,True
458521438.0,Åehir_MÃ¼nazara,sehir_munazara,tr,Irem Naz Saral,69.0,337.0,111.0,458521438,True
737056442.0,Åehir Ã–ÄŸrenciKonseyi,SehirKonsey,tr, Åehir Ãœniversitesi (Ä°nsan ve Toplum Bilimleri FakÃ¼ltesi),86.0,693.0,98.0,737056442,True
574052737.0,Åehir Åenlik,sehir_senlik,tr, Åehir Ãœniversitesi (Ä°nsan ve Toplum Bilimleri FakÃ¼ltesi),86.0,115.0,0.0,574052737,True
9.952555753982403e+17,Åehir Activity,SehirActivity,tr, Åehir Ãœniversitesi (Ä°nsan ve Toplum Bilimleri FakÃ¼ltesi),86.0,0.0,14.0,995255575,True
543398803.0,Åehir DÃ¼ÅŸÃ¼nce Merkezi,sehirdusuncemer,tr, Åehir Ãœniversitesi (Ä°nsan ve Toplum Bilimleri FakÃ¼ltesi),86.0,1062.0,545.0,543398803,True
9.808580209839104e+17,Kitap Kahve KulÃ¼bÃ¼,sehirkitapkahve,tr, ÅEHÄ°R GenÃ§ GiriÅŸimciler KulÃ¼bÃ¼,86.0,22.0,45.0,980858020,True
9.807934212238664e+17,Felsefe KulÃ¼bÃ¼,Sehir_felsefe,tr, ! Felsefe,90.0,9.0,32.0,980793421,True
9.797300455634944e+17,Sehirli twit,SehirliTweet,tr, Sehir Tristar,72.0,4.0,88.0,979730045,True
9.767623754152591e+17,Åehir Aviation,SehirAviation,tr, Åehir Ãœniversitesi (Ä°nsan ve Toplum Bilimleri FakÃ¼ltesi),86.0,23.0,19.0,976762375,True
9.62969120282239e+17,Åehir Ãœni GenÃ§ Ã–nder,sehirgenconder,tr, Åehir Ãœniversitesi (Ä°nsan ve Toplum Bilimleri FakÃ¼ltesi),86.0,79.0,223.0,962969120,True
9.706433201071268e+17,Åehir Mentorluk,SehirMentor,tr, Åehir Ãœniversitesi (Ä°nsan ve Toplum Bilimleri FakÃ¼ltesi),86.0,25.0,64.0,970643320,True
9.42366823718314e+17,sehirdekiilkel,sehirdekiilkel,tr, Sehir Destek,62.0,62.0,159.0,942366823,True
9.558477470930575e+17,TEDxSehirUniversity,TEDxSehir,en, Sehir Sehir,86.0,50.0,4.0,955847747,True
9.28626392119595e+17,Åehir UNIGFB,sehirunigfb,tr, Åehir Ãœniversitesi (Ä°nsan ve Toplum Bilimleri FakÃ¼ltesi),86.0,34.0,4.0,928626392,True
9.454054964665754e+17,ÅŸehir gelecek mi,sehirgelecekmi,en, Åehir Ãœniversitesi (Ä°nsan ve Toplum Bilimleri FakÃ¼ltesi),86.0,1.0,94.0,945405496,True
2328411684.0,ÅEHÄ°R YBM | YaÅŸam Boyu Ã–ÄŸrenim Merkezi,SehirYBM,tr, Åehir Ãœniversitesi (Ä°nsan ve Toplum Bilimleri FakÃ¼ltesi),86.0,127.0,270.0,232841168,True
9.151414634277396e+17,5 Åehir 5 BaÅŸkent,5sehir5baskent,tr, Åehir Ãœniversitesi (Ä°nsan ve Toplum Bilimleri FakÃ¼ltesi),86.0,0.0,13.0,915141463,True
8.41992776321495e+17,NevÅŸehir HacÄ± BektaÅŸ Veli Ãœniversitesi,nevsehiruniv,tr, Åehir Ãœniversitesi (Ä°nsan ve Toplum Bilimleri FakÃ¼ltesi),86.0,1827.0,256.0,841992776,True
8.641378260106322e+17,A,dragosehir,tr, Bologna -,90.0,68.0,382.0,864137826,True
8.580152573353533e+17,ÅEHÄ°R Dragos,SehirDragos,tr, Åehir Ãœniversitesi (Ä°nsan ve Toplum Bilimleri FakÃ¼ltesi),86.0,289.0,88.0,858015257,True
8.569113398009324e+17,Sehir WIB Club,sehirwibclub,tr, Sehir Sehir,95.0,64.0,140.0,856911339,True
8.508220570384261e+17,TR-GER Student Club,tgsc_sehir,de, Archery Club,86.0,5.0,14.0,850822057,True
4869752783.0,Åehir Ãœniversitesi,Sehir10line,tr, Åehir Ãœniversitesi,100.0,34.0,68.0,486975278,True
2360133031.0,Ã‡ayhane,sehircayhane,tr, Temur Kayhan,82.0,552.0,358.0,236013303,True
8.416004386255462e+17,Åehir Go KulÃ¼bÃ¼,SehirGo,tr, Åehir Ãœniversitesi (Ä°nsan ve Toplum Bilimleri FakÃ¼ltesi),86.0,29.0,107.0,841600438,True
7.82992585715544e+17,YediHilal Åehir Ãœni,sehir7hilal,tr, Åehir Ãœniversitesi (Ä°nsan ve Toplum Bilimleri FakÃ¼ltesi),86.0,106.0,37.0,782992585,True
8.394332479982264e+17,ğŸ˜'m,SehirFMFilm,tr, Erasmus -,90.0,40.0,156.0,839433247,True
8.301260486416794e+17,Åehir Ãœniversitesi Ã‡ocuk GeliÅŸimi KulÃ¼bÃ¼,sehirunicocuk,tr, Åehir Ãœniversitesi,90.0,48.0,18.0,830126048,True
8.297245752483717e+17,Åehir OkÃ§uluk KulÃ¼bÃ¼,sehirgeleneksel,en, Åehir Ãœniversitesi (Ä°nsan ve Toplum Bilimleri FakÃ¼ltesi),86.0,101.0,17.0,829724575,True
8.268460078749737e+17,Åehir AtÃ¶lye,sehiratolye,tr,Sehir Atolye,91.0,155.0,38.0,826846007,True
8.188295785799639e+17,-,SehirianLast,tr,First Name Last Name,0.0,10.0,151.0,818829578,True
8.111739365201633e+17,ÅEHÄ°R Ä°YBF,SehirEntp,tr, ! IYBF,90.0,6.0,14.0,811173936,True
8.108537719831224e+17,AGT Åehir HanÄ±mlar,agdsehir,tr, Åehir Ãœniversitesi (Ä°nsan ve Toplum Bilimleri FakÃ¼ltesi),86.0,11.0,13.0,810853771,True
8.067208980363387e+17,ÅEHÄ°R Graphics,sehirgraphics,en, Åehir Ãœniversitesi (Ä°nsan ve Toplum Bilimleri FakÃ¼ltesi),86.0,26.0,160.0,806720898,True
8.057471101382779e+17,In-House @ Åehir,inhouse_sehir,tr, Åehir Ãœniversitesi (Ä°nsan ve Toplum Bilimleri FakÃ¼ltesi),86.0,41.0,8.0,805747110,True
4217413882.0,Åehir GÃ¼ndemi,sehirgundemi,tr, Åehir Ãœniversitesi (Ä°nsan ve Toplum Bilimleri FakÃ¼ltesi),86.0,135.0,576.0,421741388,True
8.035815883490918e+17,Sehir Dance Club,SehirDance,tr,Sehir Dance Club,100.0,39.0,219.0,803581588,True
7.877470445427794e+17,Dreamers Club,SehirDreamers,tr,Dreamers .,90.0,265.0,508.0,787747044,True
7.981866105839288e+17,Åehir Edb. Klb.,sehir_edebiyat,tr, Åehir Ãœniversitesi (Ä°nsan ve Toplum Bilimleri FakÃ¼ltesi),86.0,236.0,172.0,798186610,True
7.819232291412009e+17,Åehir GerÃ§ekleri,sehirgercekleri,tr, Åehir Ãœniversitesi (Ä°nsan ve Toplum Bilimleri FakÃ¼ltesi),86.0,9.0,120.0,781923229,True
7.198703569248092e+17,Farazi,FaraziSehir,tr, Farabi -,83.0,16.0,275.0,719870356,True
7.60238728975528e+17,Muhammed Sehirli,SehirliMuhammed,en,Muhammed Enes Talha Ovayurt,86.0,1.0,32.0,760238728,True
7.633393071889695e+17,Åehir'16 GiriÅŸliler,Sehir16Giris,tr, Åehir Ãœniversitesi (Ä°nsan ve Toplum Bilimleri FakÃ¼ltesi),86.0,46.0,129.0,763339307,True
7.601588059969987e+17,Åehir'16 GiriÅŸliler,sehiruni2016,tr, Åehir Ãœniversitesi (Ä°nsan ve Toplum Bilimleri FakÃ¼ltesi),86.0,23.0,35.0,760158805,True
2345843474.0,BahÃ§eÅŸehir Kamuoyu,bahcesehirkamuo,tr,Sehir KAD,70.0,169.0,1763.0,234584347,True
2241406435.0,BaÅŸakÅŸehir AktÃ¼el,basaksehiraktue,tr, Åehir RektÃ¶rlÃ¼k,62.0,282.0,1943.0,224140643,True
4415560576.0,IEEE ÅEHÄ°R,ieeesehir,tr, Åehir Ãœniversitesi (Ä°nsan ve Toplum Bilimleri FakÃ¼ltesi),86.0,235.0,92.0,441556057,True
7.296063942074532e+17,GenÃ§ Ä°HH Åehir Ãœni,sehirgencihh,tr, Åehir Ãœniversitesi (Ä°nsan ve Toplum Bilimleri FakÃ¼ltesi),86.0,175.0,28.0,729606394,True
564388225.0,ÅehirMÃ¼hendislikK.,SehirMuhKulubu,en, ! Isif,68.0,122.0,25.0,564388225,True
3091583265.0,Journal,JournalSehir,tr,ID Journal,95.0,73.0,4.0,309158326,True
2170225808.0,kÄ±zÄ±lsakal,sehirdogu,tr,Feyza Aksakal,68.0,207.0,163.0,217022580,True
2880853718.0,Åehir Management CLB,sehirmgtclub,tr, Åehir Ãœniversitesi (Ä°nsan ve Toplum Bilimleri FakÃ¼ltesi),86.0,277.0,200.0,288085371,True
3909016498.0,Fuat Avni Åehirde,AvniSehirde,tr,Fuat Atag,86.0,36.0,490.0,390901649,True
3407552944.0,let it be,sehirfm_letitbe,tr, Mehmet Ali Buyukkara,60.0,17.0,65.0,340755294,True
3351438130.0,Sehir15 Girisliler,Sehir15,tr, Sehir Sehir,86.0,12.0,39.0,335143813,True
3390794164.0,ÅEHÄ°R '15 GiriÅŸliler,SehirUni15,tr, Åehir Ãœniversitesi (Ä°nsan ve Toplum Bilimleri FakÃ¼ltesi),86.0,50.0,101.0,339079416,True
3344488073.0,Åehir TartÄ±ÅŸma,sehirunisikayet,en, Åehir Ãœniversitesi (Ä°nsan ve Toplum Bilimleri FakÃ¼ltesi),86.0,170.0,709.0,334448807,True
3249469756.0,ÅEHÄ°R LGBT,sehirlgbt,tr, Åehir Ãœniversitesi (Ä°nsan ve Toplum Bilimleri FakÃ¼ltesi),86.0,14.0,65.0,324946975,True
3299537073.0,SCORP - Åehir,Scorpsehir,tr, Åehir Ãœniversitesi (Ä°nsan ve Toplum Bilimleri FakÃ¼ltesi),86.0,24.0,208.0,329953707,True
2665933698.0,Lerna AsurluoÄŸlu,istanbulsehir1,tr,Sena Nasiroglu,69.0,1.0,2.0,266593369,True
2473544449.0,ÅehirdeÅenliÄŸeHayÄ±r,suigenerissehir,tr,Cahide Enginar,62.0,287.0,86.0,247354444,True
3133710377.0,ÅEHÄ°RDER,sehirder,tr, Sehir Destek,77.0,821.0,879.0,313371037,True
3123889089.0,Åehir Ä°tiraf,sehir_itiraf,tr, Åehir Ãœniversitesi (Ä°nsan ve Toplum Bilimleri FakÃ¼ltesi),86.0,4.0,627.0,312388908,True
3094162623.0,Tea & Talk,teatalk_sehir,tr, Tea Talk,95.0,292.0,58.0,309416262,True
3091325103.0,ÅEMA,sehirmedeniyet,tr, Sinema Televizyon Admin,90.0,67.0,118.0,309132510,True
3089751640.0,Anemo KulÃ¼bÃ¼,sehiranemo,tr, ÅEHÄ°R GenÃ§ GiriÅŸimciler KulÃ¼bÃ¼,86.0,78.0,290.0,308975164,True
3089670365.0,KÄ±zÄ±lÃ¶tesi,sehirdenn,tr, Åehir Ãœniversitesi (Ä°nsan ve Toplum Bilimleri FakÃ¼ltesi),77.0,19.0,60.0,308967036,True
3064906390.0,GasteÅehir,gastesehir,tr,Aisec Sehir,70.0,1198.0,24.0,306490639,True
3065661425.0,Åehir Beyaz Hareket,sehirbeyazhd,tr, Åehir Ãœniversitesi (Ä°nsan ve Toplum Bilimleri FakÃ¼ltesi),86.0,7.0,26.0,306566142,True
3061497549.0,1001ÅEHÄ°RMOBÄ°LYALARI,1001sehir,tr, Sehir Sehir,68.0,95.0,325.0,306149754,True
3061646446.0,Sehir Project,sehiroyunlari,tr, Sehir Sehir,95.0,53.0,676.0,306164644,True
3026720096.0,Dar-Ä± Saadet,darisaadetsehir,tr,Saadet Gulsum Tas,86.0,92.0,201.0,302672009,True
2978878071.0,Sehirin Kedileri,sehirkedileri,en,Sehir KAD,70.0,76.0,469.0,297887807,True
2976628755.0,sivil ÅŸehirli,SivilSehirli,en-gb,Sevil Azeri,70.0,37.0,148.0,297662875,True
2381971674.0,Åehir KIZILAY,sehirKIZILAY,tr, Åehir Ãœniversitesi (Ä°nsan ve Toplum Bilimleri FakÃ¼ltesi),86.0,506.0,126.0,238197167,True
2899162575.0,Åehir Ä°slami Ä°limler KulÃ¼bÃ¼,sehirisifkulubu,en, Islami Ilimler KulÃ¼bÃ¼,95.0,2909.0,59.0,289916257,True
2863615108.0,SehirLi_Olmak,sehirli_7,tr,Muhammed Talha Yenisehirlioglu,68.0,0.0,13.0,286361510,True
2860492605.0,Ä°letiÅŸim KulÃ¼bÃ¼,sehiriletisim,tr, ÅEHÄ°R GenÃ§ GiriÅŸimciler KulÃ¼bÃ¼,86.0,116.0,26.0,286049260,True
2735257085.0,SehirU.14 Girisliler,sehir14,tr, Sehir Sehir,86.0,157.0,196.0,273525708,True
2827946271.0,Vote For Abdul Basit,VoteForSehir,en,Abdul Malik,86.0,2.0,13.0,282794627,True
2832168659.0,Åehir MeydanÄ±,sehirmeydani,tr, Åehir MeydanÄ±,100.0,66.0,41.0,283216865,True
2802624699.0,sehirstalk,sehirstalk,tr, Sehir Destek,73.0,13.0,149.0,280262469,True
2820842588.0,Åehir Gezi,GeziSehir,tr, Åehir Ãœniversitesi (Ä°nsan ve Toplum Bilimleri FakÃ¼ltesi),86.0,511.0,736.0,282084258,True
2717189396.0,Åehir Ãœniversitesi,SehirDedikodu,tr, Åehir Ãœniversitesi,100.0,150.0,789.0,271718939,True
1893283740.0,ÅehirMezunlarDerneÄŸi,sehirmed,en,Sehir Mun,70.0,52.0,53.0,189328374,True
2540658620.0,Åehir MUN,sehirmun,en,Sehir Mun,94.0,10.0,33.0,254065862,True
2431693022.0,DEÄÄ°ÅÄ°M,sehirdegisim,tr, Zeynep Ozyildirim Yuksel,72.0,42.0,124.0,243169302,True
2482994778.0,GENÃ‡ TEMA-ÅEHÄ°R ÃœNÄ°,SEHIRGENCTEMA,tr, Åehir Ãœniversitesi (Ä°nsan ve Toplum Bilimleri FakÃ¼ltesi),86.0,169.0,73.0,248299477,True
2153317302.0,ÅehirPsikolojiKulÃ¼bÃ¼,sehirpsychclub,en, ! Psikoloji,90.0,907.0,86.0,215331730,True
2458484684.0,Åehir Cine Club,SehirCC,en-gb, Cine Club,90.0,124.0,63.0,245848468,True
2361547536.0,cefa,cefasehirfm,tr, Dspace Admin,68.0,235.0,463.0,236154753,True
2361054253.0,Lab Rat,Sehir_Lab,tr, Bioinformatics and Databases Lab,86.0,39.0,242.0,236105425,True
2359476162.0,Laf Gemisi,LafGemisiSehir,tr, ! Isif,77.0,26.0,7.0,235947616,True
2167155312.0,IstSehirUniversitesi,sehiruniv,tr, Sehir Sehir,86.0,470.0,212.0,216715531,True
2299851648.0,tÄ±tdjfykm,sehirkolik,tr, BT-Takvim,47.0,6.0,70.0,229985164,True
2295316896.0,Åehir Vizyon KulÃ¼bÃ¼,sehirvizyon,tr, Åehir Ãœniversitesi (Ä°nsan ve Toplum Bilimleri FakÃ¼ltesi),86.0,4.0,4.0,229531689,True
2253441469.0,Åehir HatlarÄ± Gezi,sehirunigezi,tr, Åehir Ãœniversitesi (Ä°nsan ve Toplum Bilimleri FakÃ¼ltesi),86.0,143.0,94.0,225344146,True
2250440527.0,Åehir Gastronomi,sehirgastronomi,tr, Åehir Ãœniversitesi (Ä°nsan ve Toplum Bilimleri FakÃ¼ltesi),86.0,54.0,149.0,225044052,True
2179544291.0,AK Åehirliler,aksehiruni,tr,Metin Ak,86.0,371.0,80.0,217954429,True
2215598862.0,SehirGOkulÃ¼bÃ¼,SehirGOkulubu,tr,Sehir Go,74.0,3.0,3.0,221559886,True
625463005.0,Åehir Sosyal Medya,sehirsosyal,tr, Åehir Ãœniversitesi (Ä°nsan ve Toplum Bilimleri FakÃ¼ltesi),86.0,2240.0,1546.0,625463005,True
1975743378.0,Åehir RT,sehirrt,tr, Åehir Ãœniversitesi (Ä°nsan ve Toplum Bilimleri FakÃ¼ltesi),86.0,60.0,234.0,197574337,True
1964170345.0,Bisiklet TopluluÄŸu,sehir_bicycle,tr, ! Isif,68.0,61.0,42.0,196417034,True
1945992630.0,Åehir KAD / CAT,sehirkad,tr, Åehir Ãœniversitesi (Ä°nsan ve Toplum Bilimleri FakÃ¼ltesi),86.0,614.0,2.0,194599263,True
704118838.0,Åehir Binicilik,sehirbnclk,tr,Sehir Binicilik Kulubu,90.0,18.0,5.0,704118838,True
703558487.0,Åehir OkÃ§uluk kulÃ¼bÃ¼,Sehir_okculuk,tr, Åehir Ãœniversitesi (Ä°nsan ve Toplum Bilimleri FakÃ¼ltesi),86.0,26.0,15.0,703558487,True
1874862282.0,Åehir'li KÃ¶le,sehirlikole,tr, Åehir Ãœniversitesi (Ä°nsan ve Toplum Bilimleri FakÃ¼ltesi),86.0,7.0,95.0,187486228,True
1710909415.0,BahÃ§eÅŸehirSemtPolikl,bahcesehirsemtp,tr, Sehir Sehir,68.0,372.0,1869.0,171090941,True
1668194076.0,Åehirian,Sehirian,en,Sehriban Bozan,77.0,3.0,5.0,166819407,True
1631026052.0,NeÃ¼ ,nevsehirbenim,tr, Intranet -,90.0,14.0,84.0,163102605,True
1593415219.0,Sehirliyim Ben,sehirliyimben,tr, Sehir MBA,67.0,5.0,28.0,159341521,True
1562389214.0,BahÃ§eÅŸehir Final OkullarÄ±,bahcesehirfinal,tr, Sehir FM,68.0,486.0,657.0,156238921,True
1464696452.0,MTS Åehir,motsehir,en, Åehir Ãœniversitesi (Ä°nsan ve Toplum Bilimleri FakÃ¼ltesi),86.0,24.0,20.0,146469645,True
1403618300.0,tentabi,sehirtentabi,tr, ! ENTP,68.0,9.0,139.0,140361830,True
1421120887.0,Åehir Ä°ÅŸletme BÃ¶lÃ¼mÃ¼,sehirisletme,tr, Åehir Ãœniversitesi (Ä°nsan ve Toplum Bilimleri FakÃ¼ltesi),86.0,106.0,15.0,142112088,True
363587874.0,Z,Eskisehir01,tr, Ali Uzun,90.0,17.0,117.0,363587874,True
1373523684.0,Åehir Diplomasi,sehirdiplomasi,tr, Åehir Ãœniversitesi (Ä°nsan ve Toplum Bilimleri FakÃ¼ltesi),86.0,111.0,87.0,137352368,True
1334721056.0,Åehir Media,sehirmedia,tr, Åehir Ãœniversitesi (Ä°nsan ve Toplum Bilimleri FakÃ¼ltesi),86.0,1.0,2.0,133472105,True
1311509364.0,Sehir Uni,SehirUni,tr, Sehir Sehir,95.0,21.0,32.0,131150936,True
1262308831.0,itiraf ÅŸehir,itirafsehir,tr, Åehir Ãœniversitesi (Ä°nsan ve Toplum Bilimleri FakÃ¼ltesi),86.0,1.0,10.0,126230883,True
1040271559.0,Åehir Tarih KulÃ¼bÃ¼,SehirTarih,en, Sehir Tarih Kulubu,91.0,599.0,88.0,104027155,True
1074664664.0,Liderlik KulÃ¼bÃ¼,sehirliderlik,tr, ÅEHÄ°R GenÃ§ GiriÅŸimciler KulÃ¼bÃ¼,86.0,248.0,23.0,107466466,True
1182101516.0,Åehir Debating Union,SehirU_Debate,en, Åehir Ãœniversitesi (Ä°nsan ve Toplum Bilimleri FakÃ¼ltesi),86.0,4.0,13.0,118210151,True
884619632.0,Sehirinternational,SehirIC,en, Sehir Sehir,86.0,51.0,84.0,884619632,True
929518807.0,BahÃ§eÅŸehir Final,fddbahcesehir,tr, Sehir FM,68.0,157.0,150.0,929518807,True
262342538.0,Åehir Haber,sehirhaber,tr, Åehir Ãœniversitesi (Ä°nsan ve Toplum Bilimleri FakÃ¼ltesi),86.0,1944.0,6.0,262342538,True
772049299.0,genÃ§ ÅŸehir,gencsehir,en, Åehir Ãœniversitesi (Ä°nsan ve Toplum Bilimleri FakÃ¼ltesi),86.0,5.0,22.0,772049299,True
609301446.0,Åehir Hukuk KulÃ¼bÃ¼,SehirHUKUK,en, Åehir Ãœniversitesi (Ä°nsan ve Toplum Bilimleri FakÃ¼ltesi),86.0,1654.0,142.0,609301446,True
605281730.0,GenÃ§ GiriÅŸimciler,sehirggk,en, ÅEHÄ°R GenÃ§ GiriÅŸimciler KulÃ¼bÃ¼,90.0,513.0,265.0,605281730,True
494161044.0,Åehir GÃ¶nÃ¼llÃ¼leri,SehirGonullusu,en,?ehir GÃ¶nÃ¼llÃ¼leri KulÃ¼bÃ¼,95.0,440.0,47.0,494161044,True
584303296.0,Åehir Ãœnv Efsaneleri,efsaneler_sehir,en, Åehir Ãœniversitesi (Ä°nsan ve Toplum Bilimleri FakÃ¼ltesi),86.0,1.0,9.0,584303296,True
571135691.0,basaksehir medya,BasaksehirMedya,tr, Sehir FM,79.0,853.0,751.0,571135691,True
396662786.0,nemasehir,nemasehir,tr, Sehir MBA,74.0,33.0,284.0,396662786,True
533055810.0,Åehirli Aslanlar,uA_SehirUNI,tr, ! Sehir Sanat,69.0,1672.0,61.0,533055810,True
499692847.0,Bau-T,BahcesehirT,tr, Kubra Tolak,72.0,373.0,156.0,499692847,True
450639507.0,Åehir Politika,sehirpolitika,en, Åehir Ãœniversitesi (Ä°nsan ve Toplum Bilimleri FakÃ¼ltesi),86.0,877.0,817.0,450639507,True
487800865.0,Sehir Uni Cine Club,SehirCineClub,en, Cine Club,90.0,8.0,24.0,487800865,True
430605010.0,Sehir Kutuphane,Sehir_Kutuphane,tr, Sehir Sehir,95.0,59.0,69.0,430605010,True
384359201.0,Åehir MÃ¼zik KulÃ¼bÃ¼,sehirmuzik,tr, Åehir Ãœniversitesi (Ä°nsan ve Toplum Bilimleri FakÃ¼ltesi),86.0,48.0,2.0,384359201,True
333637359.0,oppositionofsehir,sehiropposition,en, Sehir Sehir,86.0,0.0,3.0,333637359,True
251532383.0,Sehir University,SehirUniversity,en, Sehir Sehir,95.0,10.0,2.0,251532383,True
3215717779.0,Åehir OrkestrasÄ±,SehirOrkestrasi,tr, Åehir Ãœniversitesi (Ä°nsan ve Toplum Bilimleri FakÃ¼ltesi),86.0,27.0,0.0,321571777,True
4221322043.0,Åehir Binicilik,sehir_binicilik,tr,Sehir Binicilik Kulubu,90.0,90.0,62.0,422132204,True
2220229490.0,Åehir Dergi,SehirDergi,tr, Åehir Ãœniversitesi (Ä°nsan ve Toplum Bilimleri FakÃ¼ltesi),86.0,40.0,50.0,222022949,True
8.355337408268411e+17,IEEE Åehir WIE,IEEESEHIRWIE,tr, Åehir Ãœniversitesi (Ä°nsan ve Toplum Bilimleri FakÃ¼ltesi),86.0,31.0,29.0,835533740,True
8.451931824679404e+17,ÅEHÄ°RLÄ°,sehirlidernegi,tr,Muhammed Talha Yenisehirlioglu,90.0,63.0,107.0,845193182,True
2697648505.0,Åehir ArÅŸ. Ktphanesi,sehir_kutup,tr, Åehir Ãœniversitesi (Ä°nsan ve Toplum Bilimleri FakÃ¼ltesi),86.0,231.0,219.0,269764850,True
7.662193890960671e+17,Cihan GÃ¼l,cihaneskisehir,tr,Cihan Gul,94.0,15.0,388.0,766219389,True
2867227369.0,Paraleliz Var MÄ± Lan,sehirtrol,tr,Oguz Var,86.0,5.0,87.0,286722736,True
7.774511057143767e+17,Åehir Uni Memes,sehirmemes,tr, Åehir Ãœniversitesi (Ä°nsan ve Toplum Bilimleri FakÃ¼ltesi),86.0,359.0,0.0,777451105,True
9.844233836969206e+17,Kanserle SavaÅŸ KulÃ¼bÃ¼,Sehiruniksk,tr,Adil Sava,86.0,5.0,17.0,984423383,True
2784233718.0,Åehir AGT,AGDSehirUniv,en, Åehir Ãœniversitesi (Ä°nsan ve Toplum Bilimleri FakÃ¼ltesi),86.0,131.0,160.0,278423371,True
3074317001.0,ÅehirADK,SehirADK,tr,Sehir KAD,75.0,79.0,24.0,307431700,True
3826578022.0,ÅehirSavunmaSporlarÄ±,sehirunimartial,en, Savunma Sporlari Kulubu,68.0,1.0,2.0,382657802,True
3561105135.0,Åehir ve KÃ¼tÃ¼phane,sehirkutuphane,tr, Åehir Ãœniversitesi (Ä°nsan ve Toplum Bilimleri FakÃ¼ltesi),86.0,59.0,190.0,356110513,True
2231935861.0,Sehir Troll,SehirTroll,tr, Sehir Sehir,95.0,20.0,93.0,223193586,True
8.062185403281203e+17,Åehir Ä°nsani YardÄ±m,Sehirinsaniyrdm,tr, Åehir Ãœniversitesi (Ä°nsan ve Toplum Bilimleri FakÃ¼ltesi),86.0,57.0,1.0,806218540,True
581066517.0,Åehir Ãœniversitesi,istsehiruni,en, Åehir Ãœniversitesi,100.0,168.0,8.0,581066517,True
3155894109.0,Åehirli GÃ¼nler,SehirliG,tr,?ehir GÃ¶nÃ¼llÃ¼leri KulÃ¼bÃ¼,75.0,2.0,92.0,315589410,True
1597307136.0,Åehir ve Toplum,iusehirvetoplum,tr, Åehir Ãœniversitesi (Ä°nsan ve Toplum Bilimleri FakÃ¼ltesi),86.0,3613.0,125.0,159730713,True
7.680205250629509e+17,Åehir Sizinleyiz,Sehirsizinleyiz,tr, Åehir Ãœniversitesi (Ä°nsan ve Toplum Bilimleri FakÃ¼ltesi),86.0,1.0,101.0,768020525,True
8.420037041946993e+17,Bros with Benefits,brosatsehir,tr, FIT FIT,86.0,4.0,11.0,842003704,True
8.412696567070351e+17,Open Mind,openmindsehir,tr,Tugcenur Mindivanli,70.0,48.0,69.0,841269656,True
7.410664751595848e+17,Euro 2016,euro2016sehirfm,tr, ! 2016 Konsey Secimi,86.0,3.0,2.0,741066475,True
2783898087.0,Argo,argosehir,tr, ! Arge,75.0,47.0,7.0,278389808,True
2388078098.0,Åiir Åehirde,siirsehirde,tr,Irem Erden,70.0,4.0,16.0,238807809,True
753045012.0,Åehir Gezi KulÃ¼bÃ¼,sehirgezikulubu,tr, Åehir Ãœniversitesi (Ä°nsan ve Toplum Bilimleri FakÃ¼ltesi),86.0,111.0,127.0,753045012,True
3350433773.0,AtaÅŸehir YeÅŸilay,atasehiryesilay,tr, Tamer Yilmaz,69.0,741.0,4968.0,335043377,True
7.080279035151647e+17,Ã‡ocuk GeliÅŸimi,BasaksehirB,tr,Cocuk Gelisimi Kulubu,83.0,653.0,2757.0,708027903,True
73412105.0,Åehir Ãœniversitesi,istanbulsehir,en, Åehir Ãœniversitesi,100.0,140.0,0.0,73412105,True
3334985866.0,Lord Varys,sehirveitiraf,tr, Selda Ãœnvar YÄ±lmaz,63.0,7.0,78.0,333498586,True
2574521873.0,ayÅŸe,sehirunutmaz,tr, Saliha AyÅŸegÃ¼l Demiray,90.0,3.0,58.0,257452187,True
2980948026.0,Åehir Rt,RtSehir,tr, Åehir Ãœniversitesi (Ä°nsan ve Toplum Bilimleri FakÃ¼ltesi),86.0,31.0,99.0,298094802,True
2180474104.0,SehirGossip,SehirGossip,tr, Sehir Postasi,75.0,14.0,190.0,218047410,True
445230950.0,BAYO,BahcesehirBAYO,tr,Ozlem Ozbayoglu,90.0,638.0,322.0,445230950,True
1716983382.0,Åehir Bezginleri,SehirBezginleri,tr, Åehir Ãœniversitesi (Ä°nsan ve Toplum Bilimleri FakÃ¼ltesi),86.0,282.0,1443.0,171698338,True
1898689663.0,Åehir Ãœni Ä°tiraf,sehirunitiraf,tr, Åehir Ãœniversitesi (Ä°nsan ve Toplum Bilimleri FakÃ¼ltesi),86.0,22.0,53.0,189868966,True
158316749.0,Semih BÄ°LGE,eskisehir196526,tr,Efe Semih Demirtas,86.0,1465.0,1345.0,158316749,True
8.766664444649677e+17,........,grisehir000,tr,First Name Last Name,0.0,10.0,160.0,876666444,True
972541098.0,GDG EskiÅŸehir,GdgEskisehir,en, Engelsiz Sehir Birimi,60.0,1176.0,329.0,972541098,True
972636882.0,Åehir ve KÃ¼ltÃ¼r,sehirvekultur,tr, Åehir Ãœniversitesi (Ä°nsan ve Toplum Bilimleri FakÃ¼ltesi),86.0,18942.0,7596.0,972636882,True
397827776.0,kemal,altnsehir,tr, Kemal Karpat,90.0,405.0,4327.0,397827776,True
722919764.0,Åehir Ã‡ok GÃ¼zel Gel,sehircokguzel,tr, Åehir Ãœniversitesi (Ä°nsan ve Toplum Bilimleri FakÃ¼ltesi),86.0,6.0,41.0,722919764,True
3236073261.0,TÃœGVA Åehir Ãœniversitesi,tugvasehir,tr, Åehir Ãœniversitesi,95.0,451.0,65.0,323607326,True
8.307367764279501e+17,teknosehir,teknosehir1,tr, Sehir Destek,69.0,591.0,1300.0,830736776,True
4200611607.0,Seher HÃ¼seyin,SeSehirhussein,tr,Seher Demirel Tosun,86.0,8.0,76.0,420061160,True
7.025894418068808e+17,EskiÅŸehir,Eskisehir26es26,tr, Sehir Sehir,73.0,20.0,125.0,702589441,True
2400406717.0,gazisehirantep,gazisehirantep,tr, ! ENTP,68.0,121.0,894.0,240040671,True
1665826988.0,Ä°zmir UlaÅŸÄ±mÄ±,izmirsehirici,tr, Hizir Murat Kose,63.0,1466.0,43.0,166582698,True
469209384.0,Åehir HatlarÄ± A.Å.,sehir_hatlari,tr, Åehir Ãœniversitesi (Ä°nsan ve Toplum Bilimleri FakÃ¼ltesi),86.0,38796.0,42.0,469209384,True
229843513.0,B. YeniÅŸehirlioÄŸlu,Yenisehirlioglu,tr,Muhammed Talha Yenisehirlioglu,79.0,168335.0,1835.0,229843513,True
8.111317532136858e+17,Bilge Åehir Kocaeli,BilgeSehir,tr, Åehir Ãœniversitesi (Ä°nsan ve Toplum Bilimleri FakÃ¼ltesi),86.0,10065.0,16.0,811131753,True
2760295319.0,BahÃ§eÅŸehir TÃ–B,BahcesehirTOB,tr,Tuba Bedir,64.0,530.0,223.0,276029531,True
