id,match_name,screen_name,match_ratio,name,lang,followers_count,friends_count,truncated_id,is_org
134147274.0,maral cankaya,meraldegilmaral,96,maral √ßankaya,tr,322.0,596.0,134147274,False
3753440423.0, abdulkader badlah,abdulkaderbadla,97,abdulkaderBadlah,ar,51.0,119.0,375344042,False
3386137895.0, elif sezer,el_sezer,100,Elif Sezer,en,56.0,60.0,338613789,False
8.61931997061e+17,ferhat basboga,basbogaferhat,100,Ferhat basboga,tr,15.0,90.0,861931997,False
861384775.0,ali cetinkaya,alicetinkaya12,96,Ali √áetinkaya,tr,135.0,223.0,861384775,False
9.40130879145e+17, suleyman ekici,SULEYMANEKICI11,100,SULEYMAN Ekici,tr,2.0,124.0,940130879,False
2787503142.0,ahmet orhan,enyorum,100,ahmet orhan,tr,688.0,983.0,278750314,False
237290209.0,aliagha huseynli,Schizophrenic72,100,Aliagha Huseynli,tr,13.0,52.0,237290209,False
378589207.0,merve durmus,_MerveDurmus,100,Merve Durmus,tr,230.0,206.0,378589207,False
2837993698.0,resadet imanov,Imanov_Resadet,100,Resadet Imanov,en,54.0,63.0,283799369,False
1570652671.0, nuri aktemur,NuriMyn,100,Nuri Aktemur,tr,1.0,27.0,157065267,False
7.62683270966e+17,hanife merve catan,hanifecatan,97,Hanife Merve √áatan,tr,46.0,57.0,762683270,False
260874526.0,veysi furkan bisen,Veysi_Furkan,100,Veysi Furkan Bisen,en,32.0,83.0,260874526,False
7.9595908062e+17,abbas kutay,medineliak,100,Abbas KUTAY,en,58.0,103.0,795959080,False
2459079670.0,fatma korkut,parlanay,100,fatma korkut,tr,271.0,663.0,245907967,False
3093872810.0,zeynep koyuncu,zeynepkoyuncu_,100,Zeynep Koyuncu,tr,55.0,160.0,309387281,False
508905512.0,eda uysal,jbedajb99,100,Eda Uysal,tr,396.0,461.0,508905512,False
180628720.0,enes temel,EnsTml,100,Enes Temel,tr,106.0,1244.0,180628720,False
522417267.0,furkan sefer,FurkanSefer,100,furkan sefer,tr,60.0,230.0,522417267,False
3376596665.0,mucahit kavaz,mchtkavaz,96,M√ºcahit Kavaz‚ÄºÔ∏è,tr,386.0,244.0,337659666,False
3124424271.0, pervin somer,ProfPervinSomer,96,PervinSomer,tr,695.0,374.0,312442427,False
1058091331.0, hatice aynur,haticeaynurr,100,Hatice Aynur,tr,670.0,233.0,105809133,False
2399809336.0, ! amazon,illybastug,100,Amazon,tr,297.0,188.0,239980933,False
2203396100.0,fatih kabas,FthKbs,100,Fatih Kabas,tr,302.0,451.0,220339610,False
378511292.0,adil sava,Support91000048,100,adil sava,tr,154.0,181.0,378511292,False
139032492.0,dilara boyraz,dilaraboyraz,100,Dilara Boyraz,en,291.0,287.0,139032492,False
503254088.0,seda tosun,SedaTosun97,100,seda tosun,tr,25.0,45.0,503254088,False
904465758.0,merve nur bayraktar,MerveNurBayrak3,100,Merve Nur Bayraktar,tr,359.0,768.0,904465758,False
3068335031.0,ibrahim cansu,ibrahimcansu_,100,ibrahim cansu,tr,54.0,524.0,306833503,False
9.10741477089e+17,rabia sungar,rabia_sungar,100,Rabia Sungar,tr,16.0,23.0,910741477,False
8.13646417227e+17,sude karanfil,sudee_karanfil,100,Sude Karanfil,tr,1.0,58.0,813646417,False
3311816145.0,koray demir,KorayDemrr,100,Koray Demir,tr,85.0,435.0,331181614,False
314791870.0,serta√£¬ß tez,SertaTEZ,100,Serta√ß TEZ,tr,39.0,106.0,314791870,False
7.20221774626e+17,ismail demir,iedmr57,96,ƒ∞smail Demir,en,18.0,64.0,720221774,False
294687724.0,muhammet fatih dogan,mfatihdgn1,100,muhammet fatih dogan,tr,789.0,94.0,294687724,False
4339537834.0,gulnihal erdem,GulnihalErdem,96,G√ºlnihal Erdem,tr,19.0,183.0,433953783,False
8.59103325593e+17,enes ozderya,EnesOzderya,96,Enes √ñzderya,tr,31.0,133.0,859103325,False
8.2784137246e+17,hatice aygen,HaticeAygen_,100,Hatice Aygen,en,66.0,187.0,827841372,False
54145022.0,bilal ayan,balikgoz,100,Bilal Ayan,tr,1754.0,676.0,54145022,False
9.31641619627e+17,sinan ozturk,SinanOz41760901,100,Sinan Ozturk,tr,7.0,102.0,931641619,False
9.13846233957e+17,aigerim yergaliyeva,aikayerr,100,Aigerim Yergaliyeva,en,13.0,47.0,913846233,False
2937682529.0, mechanics ar-ge,MechanicsArGe,100,Mechanics Ar-Ge,tr,106.0,57.0,293768252,False
2601258594.0, efekan benlier,EfekanBenlier,100,Efekan Benlier,tr,648.0,208.0,260125859,False
2389573400.0,mustafa said safi,Msaidsafi,100,Mustafa Said Safi,tr,78.0,76.0,238957340,False
1403447797.0,abdullah acun,abdullah_acun,100,Abdullah Acun,en,181.0,276.0,140344779,False
179985645.0,ali abbas fidan,FdnAli,100,Ali Abbas Fidan,tr,55.0,130.0,179985645,False
3065890732.0,ayhan yilmaz,TweetAyhan,100,Ayhan Yilmaz,en,36.0,293.0,306589073,False
2948587163.0,nurcan tuyluoglu,nnurcantuyluogl,100,Nurcan Tuyluoglu,tr,29.0,97.0,294858716,False
586815260.0,yonca baran,BaranYonca,100,yonca baran,tr,126.0,157.0,586815260,False
7.6887119347e+17, halil yekin guzel,HalilYekin,97,Halil Yekin G√ºzel,tr,54.0,105.0,768871193,False
2180687802.0, burcu t√£¬ºrk saracoglu,brctrk_,100,Burcu T√ºrk Saracoglu,tr,239.0,218.0,218068780,False
1454947890.0,abdullah tok,abdullahtokk,100,Abdullah Tok,tr,180.0,119.0,145494789,False
9.33326916463e+17, serkan demir,Osmanya51233152,96,serkan √∂zdemir,tr,5.0,81.0,933326916,False
3143394171.0,ismail ucak,urtenu101,100,ismail ucak,en,36.0,199.0,314339417,False
1691704831.0,mehmet zahid erer,zahiderer,100,Mehmet Zahid Erer,tr,257.0,246.0,169170483,False
738511766.0,onur aksoy,onuraks012,100,ONUR AKSOY,tr,125.0,57.0,738511766,False
9.25324908557e+17,selma erol,Selmaeroll,100,Selma Erol,tr,22.0,95.0,925324908,False
164596213.0, abdulhalik damar,ahdamar,100,abdulhalik damar,en,253.0,210.0,164596213,False
1670894454.0,mustafa karan,mstfkrn9,100,mustafa karan,tr,126.0,178.0,167089445,False
7.26902779164e+17,halil ulusoy,haveyoumethalil,100,Halil Ulusoy,tr,165.0,161.0,726902779,False
162427198.0, mehmet aytekin,mhmtaytkn,100,mehmet aytekin,en,428.0,498.0,162427198,False
609982219.0,ibrahim eser,eseribrahim_,100,ibrahim eser,tr,96.0,114.0,609982219,False
734074579.0,orhan fatih bayazit,orhanfatihb,100,Orhan Fatih BAYAZIT,tr,8.0,72.0,734074579,False
175426030.0,burak cimrenli,be__ce,100,Burak Cimrenli,tr,567.0,348.0,175426030,False
1639587990.0,ecehan yucesoy,ecelikooo,96,Ecehan Y√ºcesoy,tr,220.0,59.0,163958799,False
93385894.0, nezih erdogan,neziherdogan,100,Nezih Erdogan,en,484.0,243.0,93385894,False
9.63389308782e+17,abdullahi abubakar,aa_kaks,100,Abdullahi Abubakar,en,26.0,147.0,963389308,False
766348868.0,esra balanli,balanli_esra,100,esra balanli,tr,181.0,520.0,766348868,False
2199855997.0,bekir turan,turnbekir,100,Bekir Turan,tr,122.0,675.0,219985599,False
181709561.0,bedirhan tuz,TUZBEDIRHAN,96,BEDIRHANTUZ,tr,181.0,257.0,181709561,False
620865724.0,talha sagdan,tsagdan,100,Talha Sagdan,tr,114.0,193.0,620865724,False
9.66986017605e+17,anis rouis,AnisRouis1,100,Anis Rouis,en,11.0,186.0,966986017,False
8.42651605296e+17,md al amin mia,mdalaminmia11_,100,MD Al Amin Mia,en,38.0,130.0,842651605,False
2743729859.0,ahmed esad ekentok,esadekentok,100,ahmed esad ekentok,tr,21.0,45.0,274372985,False
2826918781.0,mahmut sami ocal,msamiocal,97,mahmut sami √∂cal,tr,96.0,73.0,282691878,False
3234065324.0,serdar habil,serdar_habil,100,Serdar Habil ‚òÖ‚≠êÔ∏è‚òÖ,tr,262.0,393.0,323406532,False
1030464109.0,ismail mutlu,ismailmutlu4153,96,ƒ∞smail Mutlu,tr,495.0,1678.0,103046410,False
45125220.0,emre tonba,emrtnb,100,Emre TONBA,en,29.0,192.0,45125220,False
8.0045677278e+17,furkan kesen,FurkanKesen7,100,Furkan Kesen,tr,22.0,30.0,800456772,False
306990461.0,zeynep yildiz,zeynebyildiz,100,Zeynep Yildiz,tr,88.0,969.0,306990461,False
69275239.0,mustafa bal,mustafabal,100,Mustafa Bal,en,274.0,173.0,69275239,False
2831415666.0,selma slocum,selmanslocum,96,selman slocum,en,23.0,346.0,283141566,False
879994615.0,nexhat cokli,NCokli,100,nexhat cokli,en,47.0,189.0,879994615,False
1019233874.0,asma alian,AsmaaElyan,100,Asma Alian,en,108.0,297.0,101923387,False
32660008.0, reyyan bilge,ReyyanBilge,100,reyyan bilge,en,1717.0,396.0,32660008,False
473329257.0,mustafa karan,KUZEYEGE35,96,Mustafa KARA,tr,117.0,1391.0,473329257,False
9.35430209859e+17,mahmut ozdemir,mahmuutozdemir,96,Mahmut √ñzdemir,tr,45.0,121.0,935430209,False
4124637371.0, cengiz kallek,cengizkallek,100,Cengiz Kallek,tr,2279.0,271.0,412463737,False
3100290275.0,aygun ismayilova,aygunkcr,97,Aygun ƒ∞smayilova,tr,739.0,180.0,310029027,False
478731173.0,merve koca,birmerve,100,Merve Koca,tr,115.0,58.0,478731173,False
8.39050359532e+17, unutma istanbul,unutmaistanbul,97,Unutma ƒ∞stanbul,tr,366.0,52.0,839050359,False
79819842.0, kagan koc,kaankursad,100,Kagan Koc,en,445.0,482.0,79819842,False
362552611.0,melike bilge,melikebilgee,100,Melike Bilge,tr,155.0,139.0,362552611,False
9.17281450869e+17,yasin narman,ysnnarman,100,Yasin Narman,tr,1.0,15.0,917281450,False
1235457578.0,celil kececi,celilkcc,96,Celil Ke√ßeci,tr,113.0,105.0,123545757,False
3333135502.0,nilay kostak,nilaykstk,96,nilaykostak,tr,370.0,476.0,333313550,False
8.28020555803e+17,furkan emer,furkanemer43,100,Furkan Emer,tr,163.0,186.0,828020555,False
9.84133851097e+17,merve uzun,dprsfpollyanna,100,Merve Uzun,tr,74.0,313.0,984133851,False
37036731.0,omer celebi,omerclb,100,Omer Celebi,en,525.0,374.0,37036731,False
9.20744341421e+17,mucahit turhan,mucahitturhann,96,M√ºcahit Turhan,tr,2.0,39.0,920744341,False
4536962596.0,onur okun,onurokun,100,Onur Okun,tr,73.0,139.0,453696259,False
452106609.0,ismail canpolat,dieskortes,97,ƒ∞smail Canpolat,tr,193.0,147.0,452106609,False
293976465.0, g√£¬∂khan √£¬áetinsaya,cetinsayag,100,G√∂khan √áetinsaya,en,29396.0,609.0,293976465,False
9.51199315565e+17,emre kaya,EmreOjk98077,100,emre kaya,tr,1.0,87.0,951199315,False
2903786607.0, zeynep gultekin,zezezezep,97,Zeynep G√ºltekin,tr,63.0,316.0,290378660,False
320746999.0,aysenur irk,aysenurirk,100,Aysenur Irk,tr,211.0,247.0,320746999,False
9.38494926966e+17,abdullah kaya,Abdulla23830994,100,Abdullah Kaya,tr,0.0,53.0,938494926,False
25553860.0,imdat sarialioglu,SariAliOglu,100,imdat Sarialioglu,tr,342.0,1772.0,25553860,False
806973368.0,ahmet temizel,46dedee,100,Ahmet Temizel,tr,186.0,242.0,806973368,False
1672861045.0,abdullah eren,_abdullah_eren,100,abdullah eren,tr,100.0,115.0,167286104,False
7.83385197186e+17,raafay ahmad,RaafayAhmad,100,Raafay Ahmad,en,20.0,175.0,783385197,False
8.39025106895e+17,rumeysa duygun,RumeysaDuygun,96,R√ºmeysa Duygun,en,23.0,65.0,839025106,False
7.64021907172e+17,enes erkan,meneserkan,100,Enes ERKAN,en,740.0,117.0,764021907,False
944226110.0,sumeyra yerinde,sumeyrayerinde,97,S√ºmeyra Yerinde,tr,110.0,94.0,944226110,False
8.37023808524e+17,ahmet taha celik,tahacelik0,97,Ahmet Taha √áelik,tr,95.0,159.0,837023808,False
7.09465725648e+17,miray turhan,mirayyturhann,96,mirayturhan,tr,126.0,276.0,709465725,False
3421922319.0,mustafa emre teke,emreteke27,100,Mustafa Emre Teke,tr,146.0,175.0,342192231,False
595592832.0,naveed tahir,nedtahir,100,Naveed Tahir,en,189.0,249.0,595592832,False
313467951.0,esra akdil,esraakdil,100,Esra Akdil,tr,220.0,273.0,313467951,False
383903153.0,ebubekir torun,ebu_torun,100,Ebubekir Torun,tr,55.0,65.0,383903153,False
4777972294.0,alperen cetinkaya,alperencetinka,97,Alperen √áETINKAYA,en,28.0,61.0,477797229,False
2821526922.0,reyta akdeniz,reyta_akdeniz,100,reyta akdeniz,tr,8.0,26.0,282152692,False
8.60931054131e+17,sevde zeynep ocak,svdzeynep,100,Sevde Zeynep Ocak,tr,68.0,477.0,860931054,False
7.54257121358e+17,abdulkadir aksu,AbdulkadirAksu8,100,Abdulkadir Aksu,tr,103.0,187.0,754257121,False
7.83600969393e+17,taha enes uzun,tenesuzun,100,Taha Enes Uzun,en,79.0,180.0,783600969,False
1528130275.0,ilayda ulubas,Ulubasilayda,100,ilayda ulubas,tr,90.0,133.0,152813027,False
189881254.0,merve sancaktar,sancaktarmerve,100,Merve Sancaktar,tr,147.0,150.0,189881254,False
8.07149924215e+17,dilara bulun,dilarabulun,100,Dilara Bulun,tr,0.0,4.0,807149924,False
2193918772.0,rumeysa karaca,rumeysakrc7,100,Rumeysa Karaca,tr,50.0,201.0,219391877,False
3101590678.0,malik alsibai,Sibai_Homs,100,Malik Alsibai,en,375.0,268.0,310159067,False
755388661.0,ahmet metin,amtmtn,100,ahmet metin,tr,417.0,290.0,755388661,False
2336600952.0,mehmet uzun,uzunmehemet,100,mehmet uzun,tr,257.0,432.0,233660095,False
4590125417.0,beyzanur kocak,beyzanurkocak_,100,beyzanur kocak,tr,22.0,56.0,459012541,False
295379645.0, nesibe yazgan uslu,NesibeYazgan,100,Nesibe YAZGAN USLU,tr,806.0,676.0,295379645,False
2264626832.0,hatice ozkan,htuski,96,Hatice √ñzkan,tr,136.0,149.0,226462683,False
265254213.0,zeki akbulut,ZekiAkbulut,100,Zeki AKBULUT,tr,1153.0,1560.0,265254213,False
786513674.0,salih sahin,nihashilas,100,Salih Sahin,tr,720.0,624.0,786513674,False
618131962.0, talha k√£¬∂se,Talha_Kose1,100,Talha K√∂se,en,4665.0,1164.0,618131962,False
167872330.0,anna zharkova,czarina92,100,Anna Zharkova,tr,152.0,184.0,167872330,False
371379659.0,ahmet semih bozkurt,asebozkurtt,100,Ahmet Semih Bozkurt,en,300.0,185.0,371379659,False
802893386.0,zehra nur duz,zehranurdz,96,Zehra Nur D√úZ,tr,120.0,975.0,802893386,False
614524241.0,bilal oztemiz,bilaloztemiz,96,bilal √∂ztemiz,tr,1.0,10.0,614524241,False
212613861.0, erdem goktepe,erdemgoktepe_,96,Erdem G√∂ktepe,tr,40.0,130.0,212613861,False
3052081924.0,merve fidan,mervefidan95,100,Merve Fidan,tr,59.0,98.0,305208192,False
612625044.0,deniz arslan,1DenizArslann,100,Deniz Arslan,tr,134.0,54.0,612625044,False
2862703149.0,zeynep demir,zeyy_demir,100,Zeynep Demir,tr,168.0,117.0,286270314,False
2830662256.0,hamit ocak,ogrenimgorevlsi,100,hamit ocak,tr,99.0,315.0,283066225,False
4568868677.0,samuele tavani,DengSamPing,100,Samuele Tavani,en,58.0,798.0,456886867,False
2787473481.0,mert colaklar,ColaklarMert,96,Mert √áolaklar,tr,95.0,185.0,278747348,False
2881159525.0,aliye kara,aaliyekara,100,Aliye Kara,tr,127.0,130.0,288115952,False
1475948256.0,ahmet oztemiz,AhmetOztemz,96,Ahmet √ñztemiz,tr,71.0,56.0,147594825,False
3234142326.0,mehmet can erim,MCanErim,100,Mehmet Can Erim,tr,51.0,144.0,323414232,False
355058617.0,emre meral,Emre_meraal,100,Emre Meral,tr,141.0,162.0,355058617,False
267846506.0, murat sancar,sancarccc,100,Murat sancar,tr,35.0,48.0,267846506,False
9.38172933939e+17,busra kavurmaci,busrakavurmaci,97,busrakavurmaci,tr,65.0,287.0,938172933,False
462209339.0,meryem yilmaz,meryemyilmazz,100,Meryem YILMAZ,tr,51.0,333.0,462209339,False
474399263.0,furkan eken,FurkanEken5,100,Furkan Eken,tr,32.0,177.0,474399263,False
900003228.0,merve erol,merveerol14,100,Merve Erol üê£,en,110.0,468.0,900003228,False
310141719.0,abdurrahman demirel,abdemirel,97,abdurrahmandemirel,tr,119.0,156.0,310141719,False
4282307963.0,mayasa dablan,DablanMayasa,100,Mayasa Dablan,en,10.0,47.0,428230796,False
1537318436.0, mehmet fatih aysan,mfatihaysan,100,Mehmet Fatih Aysan,en,982.0,387.0,153731843,False
7.50860625346e+17,bedirhan gultekin,bedirhangltkn16,97,Bedirhan G√ºltekin,en,94.0,158.0,750860625,False
47148388.0, kasim kopuz,kkopuz,100,kasim kopuz,en,372.0,655.0,47148388,False
333999999.0,asena okul,AsenaOkul,100,Asena Okul,tr,79.0,45.0,333999999,False
193020479.0,cuneyd uzun,cuneyduzun,100,Cuneyd uzun,en,286.0,668.0,193020479,False
9.9037073817e+17,hamza uysal,hamzauysal_,100,Hamza Uysal,tr,9.0,22.0,990370738,False
8.01368455304e+17,melike bilge,melikebilge96,100,Melike Bilge,tr,105.0,127.0,801368455,False
405717491.0,ahmet akyol,akyollahmet,100,Ahmet Akyol,tr,445.0,220.0,405717491,False
3233851747.0,ozlem bayram,1ozlembayram,96,√ñzlem Bayram,tr,53.0,106.0,323385174,False
9.16911351633e+17,ilknur bahadir,ilknurbahadirst,96,ilknurbahadir,tr,124.0,372.0,916911351,False
113954902.0, ebru kayaalp,ebrukayaalp,100,Ebru Kayaalp,en,241.0,280.0,113954902,False
3229214397.0,fazlurrahman yaman,fazlur61,100,Fazlurrahman Yaman,tr,196.0,249.0,322921439,False
9.38645392573e+17,enes kemal boyraz,ekboyraz1903,100,Enes Kemal Boyraz,tr,18.0,29.0,938645392,False
8.1878210012e+17,sevim kumbasar,SevimKumbasar,100,sevim kumbasar,tr,12.0,44.0,818782100,False
7.87745102173e+17,sinem aslan,sineemaslannn,100,Sinem Aslan,tr,211.0,225.0,787745102,False
8.33210940569e+17, ceren akbulut,zcerenakbulut,100,Ceren Akbulut,tr,53.0,136.0,833210940,False
2966940226.0,huzaifa asim,huzasim,100,Huzaifa Asim,en,42.0,68.0,296694022,False
2610121232.0,mustafa topcu,mustafatopcu061,100,Mustafa TOPCU,tr,181.0,842.0,261012123,False
8.95568602946e+17,beyzanur mete,BeyzaMtee,96,Beyza Nur Mete,tr,14.0,137.0,895568602,False
3630754639.0,emirhan arslan,emrhanarslan,100,Emirhan Arslan,tr,196.0,265.0,363075463,False
352233621.0,mustafa kaya,MKayaLorbi,100,Mustafa Kaya,tr,947.0,1016.0,352233621,False
98857070.0,ahmet kahveciler,ahmetkahveciler,97,ahmetkahveciler,tr,511.0,210.0,98857070,False
1520474768.0, eda yucesoy,eda_yucesoy,100,eda yucesoy,en,11.0,9.0,152047476,False
7.78977823835e+17,huseyin demir,HuseyiinDemir,96,H√ºseyin Demir,tr,37.0,57.0,778977823,False
8.31060584167e+17,ibrahim talha ceylan,brahimTalhaCey2,98,ƒ∞brahim Talha Ceylan,tr,7.0,39.0,831060584,False
2874911918.0,sedat kaya,sdtkayaa,100,Sedat Kaya,tr,12.0,66.0,287491191,False
3404645212.0,merve keskin,fmervekeskin,100,Merve Keskin,tr,112.0,988.0,340464521,False
2802323851.0,muharrem ipek,KolejinKu7si,96,Muharrem ƒ∞PEK,tr,332.0,198.0,280232385,False
3003473230.0,ayse nur ozer,ayse11397,96,Aysenur Ozer,tr,237.0,468.0,300347323,False
247465439.0,aleyna ebru ucar,aleynaucuyoo,97,Aleyna Ebru U√ßar,tr,245.0,85.0,247465439,False
2301095318.0,makram klach,MakremKlach,100,MAKRAM KLACH,en,653.0,303.0,230109531,False
66317901.0, aysegul baser,aysegulbaser,100,aysegul baser,en,470.0,279.0,66317901,False
350835385.0,mustafa demir,ozdemirmustafa7,96,Mustafa √ñzdemir,tr,173.0,1083.0,350835385,False
886856594.0,zeynep fevzioglu,zeeepzep,97,zeynepfevzioglu,tr,20.0,135.0,886856594,False
1472970224.0,huseyin koru,hseyin_koru,96,H√ºseyin KORU,tr,318.0,416.0,147297022,False
2189225452.0, zeynep kaplan,SZeynepkaplan,100,Zeynep Kaplan,tr,52.0,151.0,218922545,False
608454023.0,hilmi turhan,TurhanHilmi,100,Hilmi Turhan,tr,96.0,96.0,608454023,False
8.59786870658e+17,abdulhakim allahdad,a_allahdad99,100,Abdulhakim Allahdad,en,19.0,131.0,859786870,False
7.10800174068e+17,bahar albayrak,baharalb,100,Bahar Albayrak,tr,50.0,153.0,710800174,False
3080417236.0, lobbying school,lobbyingsschool,100,Lobbying School,tr,1057.0,95.0,308041723,False
1531530470.0,furkan kafadar,timsahlar98,100,Furkan Kafadar,tr,71.0,105.0,153153047,False
765369582.0,rahime aksa boyraz,aksaboyraz,100,rahime aksa boyraz,tr,128.0,118.0,765369582,False
2177060726.0,alper bozkurt,alperilealper,100,alper bozkurt,tr,91.0,147.0,217706072,False
189850674.0,esra nur donmez,EsraNrDnmz,97,Esra Nur D√∂nmez,tr,253.0,172.0,189850674,False
888378156.0,vildan ibisoglu,vildanibisoglu,100,Vildan Ibisoglu,tr,63.0,93.0,888378156,False
350224188.0,ahmet sefa toprak,AhmetSToprak,100,Ahmet Sefa Toprak,tr,290.0,315.0,350224188,False
7.07938812916e+17,muhammed ali sit,muhammedalisit,100,Muhammed Ali Sit,en,52.0,214.0,707938812,False
162310009.0, sadi evren seker,sadievrenseker,100,Sadi Evren SEKER,en,4461.0,65.0,162310009,False
2246408021.0,fatma nur ozcan,fatmanurozcan_,97,Fatma Nur √ñzcan,tr,95.0,29.0,224640802,False
222571773.0,zeynep ulucam,zynpulucam,96,Zeynep Ulu√ßam,tr,62.0,169.0,222571773,False
2430997123.0,yasin koca,sadecetetik,100,Yasin Koca,tr,293.0,330.0,243099712,False
436045690.0,omer faruk can,515Omer,96,√ñmer Faruk Can,tr,141.0,59.0,436045690,False
7.49986048546e+17,yasin tikici,yasinTii,100,Yasin Tikici,tr,35.0,135.0,749986048,False
373538140.0,yusuf can ekmekci,yusuffcan98,97,Yusuf Can Ekmek√ßi,tr,33.0,44.0,373538140,False
2215330154.0,mehmet toker,mehmettoker_,100,Mehmet Toker,tr,56.0,45.0,221533015,False
2298503191.0,hafsa ulusal,hafsaulusall,100,Hafsa Ulusal,tr,624.0,158.0,229850319,False
3195755224.0,dilara ocak,dilaraocak9652,100,dilara ocak,tr,180.0,125.0,319575522,False
3201428559.0, isilay balci,isilaybalci_91,96,isilaybalci,tr,24.0,94.0,320142855,False
4142346153.0,zeynep nisa guler,zeynepgllrr,97,Zeynep Nisa G√ºler,en,14.0,37.0,414234615,False
7.54717694105e+17,zeliha donmez,zelihadnmz,96,Zeliha D√∂nmez,tr,41.0,151.0,754717694,False
371206338.0,beyzanur ayar,BeyzanurAyar,100,Beyzanur Ayar,tr,340.0,208.0,371206338,False
3393842032.0,hilal dursun,hilaldursun2206,100,Hilal Dursun,en,268.0,214.0,339384203,False
414278433.0,tunahan cetin,cetintunahan,100,Tunahan Cetin,tr,422.0,191.0,414278433,False
2568525291.0,rabiul islam,islam_rabiul82,100,Rabiul islam,en,56.0,434.0,256852529,False
7.77156817453e+17,ibrahim ethem alan,ethemalan23,97,ƒ∞brahim Ethem Alan,tr,21.0,25.0,777156817,False
14668733.0, ahmet bulut,kral,100,Ahmet Bulut,en,242.0,62.0,14668733,False
7.22873773969e+17,furkan aksoy,the_faksoy,100,Furkan Aksoy,tr,33.0,12.0,722873773,False
1012621166.0,emrah kaya,emrah2015,100,Emrah Kaya,tr,6.0,29.0,101262116,False
818364804.0,omar hamzeh,0mar_hamzeh,100,Omar Hamzeh,ar,240.0,171.0,818364804,False
444987253.0,zehra korkmaz,zhrkorkmaz,100,Zehra Korkmaz,tr,374.0,441.0,444987253,False
8.17850461118e+17,valid hamza,HamzaValid,100,Valid Hamza,sr,46.0,111.0,817850461,False
594766612.0, samet topsever,samtiyyy,100,samet topsever,tr,34.0,55.0,594766612,False
445806392.0,ahmet furkan kurt,AhmetFurkanKURT,100,Ahmet Furkan KURT,tr,107.0,131.0,445806392,False
411064560.0, zubeyir nisanci,ZubeyirNisanci,100,Zubeyir Nisanci,en,546.0,367.0,411064560,False
45085620.0,amit kachroo,amit_kachroo,100,Amit Kachroo,en,844.0,2041.0,45085620,False
3624969136.0,hasan atan,hasan_atan,100,Hasan ATAN,tr,13.0,276.0,362496913,False
9.28678200439e+17,neslihan kokoz,nesliihankokoz,96,neslihankokoz,tr,16.0,55.0,928678200,False
334139315.0,beyza cengiz,Cengizbeyza,100,Beyza Cengiz,tr,642.0,314.0,334139315,False
2724262273.0,burak ozdemir,brkzdemr,96,Burak √ñzdemir,tr,1.0,945.0,272426227,False
31462811.0, federico donelli,fededonelli,100,Federico Donelli,en,471.0,1333.0,31462811,False
1329434690.0,haldun meric erbay,HaldunMeric,97,Haldun Meri√ß ERBAY,en,35.0,54.0,132943469,False
422423791.0,mehmet demir,mdemir_61,100,Mehmet Demir,tr,156.0,491.0,422423791,False
471153734.0,ibrahim bayraktar,IbrhmBayraktar,97,ƒ∞brahim Bayraktar,tr,14.0,9.0,471153734,False
7.82085590959e+17,selman zenger,selman__zenger,100,SELMAN ZENGER,tr,175.0,73.0,782085590,False
1289457744.0,suha demirsoy,suha_demirsoy,96,s√ºha demirsoy,tr,18.0,36.0,128945774,False
81516526.0, onur g√£¬ºzey,OnurGuzey,100,Onur G√ºzey,en,55.0,27.0,81516526,False
2291494418.0,muniba habbaba,mimohababa,100,Muniba Habbaba,ar,30.0,89.0,229149441,False
1621357615.0,ahmet selim burak,aSelimburak,100,Ahmet Selim Burak,tr,136.0,105.0,162135761,False
2369142757.0,balgyn zaurbekova,BalgynZ,100,Balgyn Zaurbekova,ru,0.0,19.0,236914275,False
273339620.0,yasemin kurt,kurtyasemin,100,Yasemin Kurt,tr,41.0,61.0,273339620,False
1439588580.0, mahmut koca,mkoca66,100,Mahmut Koca,en,1379.0,44.0,143958858,False
8.70348278286e+17,ismail sahin,ismaillssahinn,96,ismailsahin,tr,33.0,181.0,870348278,False
526458676.0,kubilay ucak,kubilayucak1,96,Kubilay U√ßak,tr,1003.0,37.0,526458676,False
9.71245038298e+17,hatice zahide cetinkaya,HaticeZahide,100,Hatice Zahide Cetinkaya,tr,3.0,13.0,971245038,False
8.93583290682e+17,ceylan aslanhan,ceylanaslanhnn,100,Ceylan Aslanhan,tr,65.0,100.0,893583290,False
3092455517.0,elif nur kalkan,elifnkalkan,100,Elif Nur Kalkan,tr,157.0,85.0,309245551,False
8.24302600724e+17,nursena ozcan,NursenaOzcan,96,Nursena √ñzcan,tr,55.0,63.0,824302600,False
3343025991.0,edanur demir,ednrdmr1,100,Edanur Demir,tr,68.0,126.0,334302599,False
1524419966.0, ferhat kentel,ferhatkentel,100,Ferhat Kentel,tr,15537.0,1034.0,152441996,False
3246496217.0,abdullah mursel,AbdullahMursel,97,Abdullah M√ºrsel,tr,21.0,64.0,324649621,False
7.65969991825e+17,abdullah kaplan,kplnabdullahh,100,Abdullah Kaplan,en,49.0,92.0,765969991,False
2717217147.0,semanur konuk,semanurkonuk_,100,Semanur Konuk,tr,280.0,390.0,271721714,False
4343872353.0,ece uslu,eceusl,100,Ece Uslu,en,61.0,140.0,434387235,False
2874955830.0,ahmet faruk eker,ahmetfarukeker,100,Ahmet Faruk Eker,tr,72.0,169.0,287495583,False
7.96798717211e+17,ahmet karaca,krc_ahmed,100,Ahmet Karaca,tr,150.0,2020.0,796798717,False
413849104.0,mustafa celen,mustafacelen70,96,Mustafa √áELEN,tr,49.0,898.0,413849104,False
9.96760635731e+17,esma zeynep topcu,ezeyneptopcu53,97,Esma Zeynep Top√ßu,tr,22.0,31.0,996760635,False
2914268747.0,akylai raimbekova,Mehhji,100,Akylai Raimbekova,en,4.0,108.0,291426874,False
112014757.0,mustafa durdu,mustidurdu,100,Mustafa Durdu,tr,54.0,84.0,112014757,False
1270478928.0,fatma deniz,fatma_denizz,100,fatma deniz,en,110.0,233.0,127047892,False
83846816.0,orhan yener,orhanyener,100,Orhan YENER,en,160.0,258.0,83846816,False
8.21422877279e+17,baran gunes,BaranGunes24,100,Baran Gunes,tr,37.0,636.0,821422877,False
3151030181.0, hamdi irmak,hamdi_irmak,100,Hamdi Irmak,tr,8567.0,452.0,315103018,False
850130101.0,elif nursacan,ENursacan,96,Elif Nursa√ßan,tr,68.0,95.0,850130101,False
8.74031650808e+17,zeynep ilgin,ZeynepILGIN34,100,Zeynep ILGIN,tr,594.0,3869.0,874031650,False
3329017558.0,zeynep binnur unsal,zebiun,97,Zeynep Binnur √únsal,tr,199.0,172.0,332901755,False
2212743424.0,berkan demirer,berkandemirer,100,Berkan Demirer,tr,190.0,192.0,221274342,False
9.35930917805e+17,bayram ozdemir,Bayramz97819440,96,Bayram √ñzdemir,tr,3.0,107.0,935930917,False
8.46642751672e+17,zeynep yavuz,zeynebyavuz_,100,Zeynep Yavuz,tr,145.0,512.0,846642751,False
2213550694.0, enes eryarsoy,eneseryarsoy,100,Enes Eryarsoy,en,211.0,118.0,221355069,False
968544654.0,ahsen kotan,AhsenKotan,100,Ahsen Kotan,tr,170.0,153.0,968544654,False
229517534.0, asli abak,asliabak,100,asli abak,tr,19.0,31.0,229517534,False
965124865.0,mehmet demir,mhmt622,100,Mehmet Demir,tr,46.0,336.0,965124865,False
265700526.0,burak kaya,burakkya,100,Burak Kaya,tr,316.0,830.0,265700526,False
8.88077368363e+17,mustafa celiker,mustafaceliker_,97,Mustafa √áeliker,tr,78.0,119.0,888077368,False
2148222070.0,sumeyye kalkan,kalkansumm,96,S√ºmeyye Kalkan,tr,347.0,41.0,214822207,False
9.10916742696e+17,elif sunnetci,sunnetci_elif,96,Elif S√ºnnetci,tr,1.0,8.0,910916742,False
8.27075093818e+17,ahmet temel,AhmetTe05096378,100,Ahmet Temel,tr,15.0,105.0,827075093,False
7.18725939166e+17,aghaali huseynov,h_aghaali,100,Aghaali Huseynov,en,23.0,53.0,718725939,False
4128068103.0,zeynep zahide cakmak,zzahidec,97,Zeynep Zahide √áAKMAK,tr,153.0,177.0,412806810,False
344090521.0, mehmet akinci,AkinciMehmet,100,Mehmet AKINCI,tr,189.0,219.0,344090521,False
3338451801.0, zeynep erol,erol_zeyneb,100,Zeynep Erol,tr,6.0,106.0,333845180,False
376697378.0,mustafa ozel,Mstfozl,96,mustafaozel,tr,986.0,637.0,376697378,False
8.51424847758e+17, barbaros √£¬ñmero√§¬ülu,BAOMEROGLU,97,Barbaros √ñMEROƒûLU,tr,2.0,6.0,851424847,False
1654806812.0,emre sucu,emresucu_,100,Emre Sucu,tr,45.0,49.0,165480681,False
7.54851317232e+17, hande yildirim,mhandeyildirim,100,Hande Yildirim,tr,2.0,53.0,754851317,False
253616057.0, ahmet ademoglu,ahmet_ademoglu,100,Ahmet Ademoglu,en,1337.0,84.0,253616057,False
603268093.0, cengiz benli,ycbenli,100,Cengiz Benli,en,116.0,304.0,603268093,False
1563324960.0,mustafa gez,MustafaGezz,100,Mustafa Gez,tr,16.0,102.0,156332496,False
8.52527832199e+17,elif gulce yavuz,elifgulceyavuz,97,Elif G√ºlce Yavuz,tr,36.0,126.0,852527832,False
2775786167.0,mustafa kaya,mkaya343406,100,Mustafa Kaya,tr,656.0,4838.0,277578616,False
2749898057.0, didem ardali,DidemArdali,100,Didem Ardali,tr,151.0,1413.0,274989805,False
7.45389817765e+17,bekir batuhan sekili,batuhansekili,98,Bekir Batuhan SEKƒ∞Lƒ∞,tr,86.0,130.0,745389817,False
7.99681692353e+17,rumeysa bayram,rumeysaabayram,96,R√ºmeysa Bayram,tr,226.0,249.0,799681692,False
826480844.0,mert erbudak,merterbudak,100,mert erbudak,tr,14.0,56.0,826480844,False
1713798288.0,emine akbulut,emineakbulut72,100,Emine Akbulut,tr,79.0,185.0,171379828,False
8.12283761899e+17,cihat arslan,carslan61,100,Cihat Arslan,en,43.0,500.0,812283761,False
7.67117641853e+17,ipek erdemir,IpekErdemir,96,ƒ∞pek Erdemir,tr,42.0,85.0,767117641,False
15746974.0, √£¬úmit ko√£¬ßer,kocerumit,100,√úmit Ko√ßer,tr,25.0,60.0,15746974,False
1498416548.0,serpil ozcan,Zcnsrpl,96,Serpil √ñzcan,tr,472.0,361.0,149841654,False
8.78766575356e+17,talha topan,talhatopan,100,Talha Topan,tr,18.0,132.0,878766575,False
441584584.0,efe kaplan,kaplan_efe,100,Efe Kaplan,tr,97.0,112.0,441584584,False
946886773.0, mustafa √£¬ñzel,MustafaOzelden,100,Mustafa √ñzel,tr,3936.0,0.0,946886773,False
9.72142981582e+17,hande tuzlakoglu,handetuzlakoglu,100,Hande Tuzlakoglu,en,58.0,97.0,972142981,False
425096207.0,mohamad kannan idris,Kan3anio,100,Mohamad Kannan Idris,en,165.0,207.0,425096207,False
7.61998391845e+17,recep tosun,RecepTo67570225,100,Recep TOSUN,tr,53.0,237.0,761998391,False
9.15150663847e+17,feyzanur can,feyzacan98,100,Feyzanur CAN,tr,1.0,3.0,915150663,False
3046864980.0,sherife slocum,SherifeSlocum,100,Sherife Slocum,en,9.0,112.0,304686498,False
847558932.0,suleyman emre aykut,Suleyman_AYKUT,97,S√ºleyman Emre AYKUT,tr,74.0,55.0,847558932,False
7.2449743945e+17,enes kemal boyraz,ekboyraz_19,100,Enes Kemal Boyraz,tr,22.0,39.0,724497439,False
2234861247.0,hicran gunay,hicran_gny,96,Hicran G√ºnay,tr,515.0,375.0,223486124,False
377901136.0,hakan bayrak,hakanbayrakk,100,Hakan Bayrak,tr,374.0,283.0,377901136,False
8.31765693918e+17, halil arslan,halilhatayi,100,halil arslan,tr,148.0,414.0,831765693,False
67318883.0, muzaffer √•¬ûenel,msenel,96,Muzaffer Senel,en,2041.0,2330.0,67318883,False
1886790302.0,ceyhun okutan,cyhn_oktn,100,ceyhun okutan,tr,104.0,639.0,188679030,False
4539004883.0,mustafa zenelhasani,M_Zenelhasani,100,Mustafa Zenelhasani,en,40.0,204.0,453900488,False
9.3263234316e+17,havva azal,azalhavva,100,Havva Azal,tr,91.0,82.0,932632343,False
6.9756229606e+17,enis berk coban,enisberkc,97,Enis Berk √áoban,en,90.0,243.0,697562296,False
4829057662.0,moustapha aliou,Mousty93,100,Moustapha Aliou,fr,79.0,219.0,482905766,False
715580484.0,abdulkarim auwal,akarim711,100,Abdulkarim Auwal,en,60.0,276.0,715580484,False
3193917928.0, elif √£¬áelebi,_elifcelebi,100,Elif √áelebi,en,269.0,268.0,319391792,False
4768075043.0, kahraman √•¬ûakul,KahramanSakul,96,kahraman ≈üakul,tr,113.0,57.0,476807504,False
475761925.0,meryem hamidi,hamidimeryem,100,Meryem Hamidi,tr,67.0,123.0,475761925,False
9.36761307588e+17,senih tuccar,senihtuccar,96,senih t√ºccar,tr,92.0,314.0,936761307,False
3314633705.0,abduhalim albakkor,Halimalbakkor,100,Abduhalim Albakkor,en,60.0,247.0,331463370,False
253229470.0,havanur korkut,nurrkorkut,97,Havvanur Korkut,tr,22.0,127.0,253229470,False
887182146.0,baraa kekhia,baraakekhia,100,baraa kekhia,en,200.0,282.0,887182146,False
3296272632.0,enfal nur ozyayla,NurOzyayla,97,Enfal Nur √ñzyayla,en,228.0,446.0,329627263,False
7.82227273823e+17,anisa tahiri,anisatahiri,100,Anisa Tahiri,en,28.0,184.0,782227273,False
326288590.0,merve keskin,parya_,100,Merve Keskin,tr,322.0,540.0,326288590,False
239427912.0,sebahattin aydin,AYDINSEBAHATTIN,100,Sebahattin AYDIN,en,183.0,242.0,239427912,False
1885612807.0,ceyhun elgin,CeyhunElgin,100,Ceyhun Elgin,en,1428.0,1312.0,188561280,False
7.67807974782e+17,burak kibar,burakkiibar,100,Burak Kibar,en,27.0,27.0,767807974,False
572370285.0,fatmanur puytu,nurpuytu,100,Fatmanur Puytu,tr,353.0,136.0,572370285,False
188101479.0,berke tufenk,berketufenk,96,Berke T√ºfenk,tr,112.0,105.0,188101479,False
434269864.0, h√£¬ºseyin alptekin,husalptekin,97,Huseyin Alptekin,en,576.0,340.0,434269864,False
586372643.0, gulsen nisli,gulsennisli,96,gulsennisli,tr,57.0,457.0,586372643,False
81094202.0, serap sara√£¬ßl√§¬±,serapsaracli,96,Serap Sara√ßlƒ±,tr,213.0,359.0,81094202,False
454715128.0,muhammed ekrem tecim,etecim,100,Muhammed Ekrem Tecim,tr,78.0,92.0,454715128,False
2866935552.0,enes elamri,eneselamriNS,100,Enes Elamri,en,36.0,167.0,286693555,False
1482905478.0, mustafa √£¬ñzel,h_mustafaozel,100,Mustafa √ñZEL,tr,7455.0,584.0,148290547,False
369836872.0,muhammed akbulut,Makbuluttt,100,Muhammed Akbulut,en,147.0,164.0,369836872,False
3143441188.0, yusuf arslan,y_aslan22,96,Yusuf ASLAN,tr,75.0,876.0,314344118,False
1449074436.0,burak kibar,BurakcanKibar,96,BURAK Kƒ∞BAR,tr,6.0,138.0,144907443,False
772130078.0,oguzhan bitmis,Btmoguzhan,100,Oguzhan Bitmis,tr,175.0,583.0,772130078,False
2612870692.0, hasan kosebalaban,hkosebalaban1,97,Hasan K√∂sebalaban,en,2995.0,367.0,261287069,False
355155899.0,ismail comert,i_comert,96,ismail c√∂mert,tr,125.0,79.0,355155899,False
2829837013.0,salih gundogdu,salihhgundogdu,96,salih G√úNDOGDU,tr,13.0,32.0,282983701,False
62616625.0,gokhan belek,BelekGokhan,96,G√∂khan Belek,tr,248.0,627.0,62616625,False
1027390153.0,mustafa mican,sofistmusti,100,Mustafa Mican,tr,1048.0,291.0,102739015,False
589516467.0,bilal tan,bilalTn,100,Bilal TAN,tr,124.0,346.0,589516467,False
465062899.0,nefise fedakar,nefisefedakar,100,Nefise Fedakar,tr,103.0,176.0,465062899,False
599159655.0,asem okby,3asemshaban,100,Asem okby,en,384.0,194.0,599159655,False
344339030.0,hasan kocaturk,hasannkocaturk,96,Hasan Kocat√ºrk,tr,587.0,1000.0,344339030,False
398652596.0,ozan gumus,OzanGumuss,100,Ozan Gumus,tr,158.0,140.0,398652596,False
405692297.0,rukiye bircan,rukiyebircan,100,Rukiye Bircan,tr,180.0,169.0,405692297,False
1592012737.0,arslan ziylan,ziylan1,96,Arslan Zƒ∞YLAN,tr,177.0,871.0,159201273,False
3298803633.0,deniz kaya,denizkayakar,100,Deniz Kaya,tr,91.0,490.0,329880363,False
331537003.0, aykut gulalanlar,agulalanlar,97,Aykut G√ºlalanlar,tr,945.0,956.0,331537003,False
624787113.0,leyla zeynep vercin,leylavercin,97,Leyla Zeynep Ver√ßin,tr,163.0,173.0,624787113,False
2220315899.0,mahmut aydemir,MahmtAydemir,100,Mahmut Aydemir,tr,83.0,99.0,222031589,False
492654914.0,halid aydin,halidaydin,96,HALƒ∞D AYDIN,tr,79.0,90.0,492654914,False
8.19584619977e+17,muslum guder,muslum_guder,100,MUSLUM GUDER,en,0.0,6.0,819584619,False
1241036822.0, arzu taygar,ATaygar,100,Arzu Taygar,tr,39.0,124.0,124103682,False
158635358.0,abdulrahman hossam,abdoibnkhaldon,100,Abdulrahman Hossam,en,235.0,240.0,158635358,False
329590627.0,yusuf yildiz,yusufyildiz92,100,Yusuf YILDIZ,tr,129.0,362.0,329590627,False
1209381008.0,sedanur emir,sdnremr,96,Seda Nur Emir,tr,222.0,245.0,120938100,False
203121479.0,betul ceylan,Betulcyln,96,Bet√ºl Ceylan,tr,208.0,306.0,203121479,False
2216307547.0,abdullah yilmaz,abdullahpdr,100,Abdullah YILMAZ,tr,36.0,277.0,221630754,False
3025593641.0,harun boyraz,58_hg,100,Harun BOYRAZ,tr,21.0,22.0,302559364,False
2982997695.0,ramazan oduncu,ramazanodunccu,100,ramazan oduncu,tr,109.0,300.0,298299769,False
7.56596649158e+17,sena gulseren,senagulseren_,96,Sena G√ºlseren,tr,48.0,221.0,756596649,False
611652164.0, sami erdem,konevim,100,Sami Erdem,tr,216.0,305.0,611652164,False
8.94660275567e+17,berat aksak,berat_aksak,100,Berat Aksak,tr,24.0,102.0,894660275,False
3207360807.0, gulcan ayral,GulcanAyral,96,G√ºlcan Ayral,tr,10.0,16.0,320736080,False
489239437.0,mehmet kara,karamhmtt,100,Mehmet Kara,tr,57.0,123.0,489239437,False
464174686.0,kamal abuhmaid,kamal_1992,100,kamal abuhmaid,en,3.0,27.0,464174686,False
256431457.0,mustafa cevik,cin_fikir,96,Mustafa √áevik,tr,213.0,629.0,256431457,False
362327119.0,rukiye uke,rukiyeuke,100,Rukiye Uke,en,120.0,174.0,362327119,False
2295234044.0,mehmet ali kaplan,4Mak92,100,Mehmet Ali Kaplan,tr,61.0,271.0,229523404,False
2619229812.0, abdurrahman ihtibar,itibar1414,100,abdurrahman ihtibar,tr,39.0,100.0,261922981,False
449199437.0,bengi buse budak,Bngbsbdk,100,Bengi Buse Budak,tr,182.0,200.0,449199437,False
185711683.0, onay budak,SUPEREGOID,100,Onay Budak,tr,150.0,184.0,185711683,False
118382186.0,ayse selin zorlu,slnzrl,100,Ayse Selin Zorlu,tr,242.0,464.0,118382186,False
4248938627.0,seyma coskun,seymaacoskun,100,seyma coskun,tr,6.0,41.0,424893862,False
2764045797.0,zeynep yildiz,yvzynp0409,100,zeynep yildiz,tr,6.0,20.0,276404579,False
1470279325.0,mikail altan,mikailaltan,100,Mikail Altan,tr,62.0,109.0,147027932,False
410078458.0,sait celebi,SaitCelebi,100,Sait Celebi,en,28.0,53.0,410078458,False
1103201906.0,belal tulimat,BelalToulimat,96,belal toulimat,ar,24.0,34.0,110320190,False
2713273318.0,selim selvi,SLMSLV1907,100,Selim Selvi,tr,110.0,144.0,271327331,False
7.56544988507e+17,zeynep sancaktutan,Sancaktutan_Z,100,Zeynep Sancaktutan,tr,13.0,132.0,756544988,False
2199773261.0,ahmet aslan,talhadurma,100,ahmet aslan,tr,138.0,1791.0,219977326,False
8.88118106019e+17,elif oktay,ElifOkt86499316,100,Elif Oktay,tr,7.0,70.0,888118106,False
1013674856.0,lutfiye toprak,lltoprak,96,L√ºtfiye Toprak,tr,411.0,572.0,101367485,False
327649487.0,meryem yetkin,meryemyetkin,100,Meryem Yetkin,tr,88.0,284.0,327649487,False
145723363.0,sumeyye zengin,summeye,96,S√ºmeyye Zengin,tr,113.0,364.0,145723363,False
625979067.0, tuna kocaman,tunakocaman,100,Tuna Kocaman,tr,156.0,416.0,625979067,False
148016688.0,ilkan ada,norton34,100,ilkan ada,en,34.0,183.0,148016688,False
92367481.0,berkan ersoz,ERSOZZ,100,Berkan Ersoz,tr,458.0,2008.0,92367481,False
753998209.0,vedat demirbilek,DemirbilekVedat,100,Vedat Demirbilek,tr,72.0,204.0,753998209,False
404286732.0,cigdem dogan berber,cigdemdoganbrbr,100,Cigdem Dogan Berber,en,313.0,385.0,404286732,False
367968322.0,yavuz demir,DemirlerinYavuz,100,Yavuz Demir,tr,326.0,242.0,367968322,False
133878521.0,yahya yacoob,Yahyayacoob,100,Yahya Yacoob,en,451.0,495.0,133878521,False
2905068995.0,zeynep aslihan satar,zynpaslihn,100,Zeynep Aslihan Satar,tr,27.0,64.0,290506899,False
314762385.0,jeton pllna,jPllana,96,Jeton Pllana,en,146.0,304.0,314762385,False
7.04764994857e+17, ! sosyoloji,sosyoIoji,100,Sosyoloji,tr,18.0,57.0,704764994,False
2875840455.0,aysenur ergul,ergul_aysenur,100,aysenur ergul,en,64.0,117.0,287584045,False
39740301.0,audry maulana,oddry,100,Audry Maulana,en,535.0,371.0,39740301,False
166720591.0,ezgi canbaz,ezgcnbz,100,Ezgi Canbaz,tr,271.0,282.0,166720591,False
1381488158.0,merve uzun,MerveUzunsamsun,100,Merve Uzun,tr,0.0,108.0,138148815,False
339702866.0,sinan filizler,filizlersinan,100,Sinan Filizler,tr,185.0,738.0,339702866,False
2150626906.0, ali √£¬áakmak,alicakmaka,100,Ali √áakmak,en,26.0,29.0,215062690,False
636429203.0,sena darici,senadarici,100,SENA DARICI,tr,282.0,303.0,636429203,False
1079409680.0,mahmud emini,MahmudEmini,100,Mahmud Emini,en,170.0,1318.0,107940968,False
2644456425.0,havva nur kor,hhavvanurr1,100,Havva Nur Kor,tr,89.0,155.0,264445642,False
247001652.0,zeynep yavuz,seyyahzeynep,100,Zeynep Yavuz,tr,381.0,1054.0,247001652,False
223989726.0,can ipekli,ipeklican,100,Can Ipekli,en,199.0,667.0,223989726,False
2261877588.0,zuleyha akpinar,zulu_ist,97,zuleyhaakpinar,tr,149.0,2064.0,226187758,False
2394728189.0,ibrahim mutlu,ibrahimutlu38,100,Ibrahim mutlu,tr,117.0,107.0,239472818,False
159075428.0,muleyke beyza yavuz,Muleyke_B,97,M√ºleyke Beyza Yavuz,en,102.0,307.0,159075428,False
273495838.0,busra kilic,bsr_kilic,100,busra kilic,en,152.0,350.0,273495838,False
2582221616.0,huseyin ablak,HsynAblak,96,H√ºseyin Ablak,tr,45.0,21.0,258222161,False
39937481.0,ubeydullah keles,ubeydkeles,100,Ubeydullah Keles,en,100.0,762.0,39937481,False
1560015468.0, ! tarih,tarihdergi,100,#tarih,en-gb,145787.0,100.0,156001546,False
251141714.0,ayse enise abamor,ayseenise,100,Ayse Enise Abamor,en,35.0,75.0,251141714,False
476704348.0,hulya karadeniz,hulyakdz,97,H√ºlya Karadeniz,tr,193.0,139.0,476704348,False
495298466.0,nuriye akbiyik,Nuriyeakbiyik,100,Nuriye akbiyik,tr,15.0,25.0,495298466,False
720740640.0,pelin zeytun,pelinzeytun,100,Pelin Zeytun,tr,117.0,113.0,720740640,False
1475720010.0,huseyin gayretli,HsynGayretli,97,H√ºseyin Gayretli,tr,156.0,153.0,147572001,False
1545633186.0,yasin saglam,YasinSaglam7,100,Yasin Saglam,en,54.0,161.0,154563318,False
811374260.0,hatice ozkan,hozkan12,96,Hatice √ñzkan,tr,253.0,832.0,811374260,False
613357064.0,salih orhan,SalihOrhan_,100,Salih Orhan,tr,103.0,42.0,613357064,False
20244720.0,mehmet ortac,mehmetortac,96,Mehmet Orta√ß,tr,1509.0,233.0,20244720,False
192444527.0, ayhan kaygusuz,KaygusuzA,100,Ayhan Kaygusuz,en,19.0,57.0,192444527,False
269014960.0,fatma mizan,ftmzn,100,fatma mizan,tr,496.0,1559.0,269014960,False
7.56522486339e+17,murat demir,SeksenlerDelisi,96,Murat √ñzdemir,tr,94.0,200.0,756522486,False
55362929.0,emre kaya,emrekaya88,100,Emre Kaya,tr,39.0,209.0,55362929,False
2724664235.0,burak gultekin,burkii93,96,Burak G√ºltekin,de,4.0,41.0,272466423,False
215282778.0,mustafa duman,mustafaduman19,100,Mustafa DUMAN,tr,92.0,95.0,215282778,False
2203345282.0,mustafa celik,muscelik1971,96,Mustafa √áelik,tr,10.0,70.0,220334528,False
1693732446.0,furkan esmerer,34Fes24,100,Furkan Esmerer,tr,71.0,65.0,169373244,False
2665094222.0,lucia scripcari,luciasc20903469,100,lucia scripcari,en,34.0,31.0,266509422,False
1570536104.0,sinan delikaya,sinandeli36,100,Sinan Delikaya,de,16.0,55.0,157053610,False
178728184.0,burak altun,burak_altun_,100,burak altun,en,423.0,444.0,178728184,False
591203147.0,zafarbek sulaimanov,Zsulaimanov,100,Zafarbek Sulaimanov,en,10.0,12.0,591203147,False
1060743823.0,nur banu gencten,GnctnN,97,Nur Banu Gen√ßten,tr,6.0,121.0,106074382,False
2301123770.0,elif okur,gokseyircisi,100,Elif Okur,en,167.0,560.0,230112377,False
557654297.0, tamer yilmaz,Lonestar657,100,Tamer Yilmaz,en,129.0,244.0,557654297,False
968364324.0,merve bayram,MerveBajram,100,Merve Bayram,tr,21.0,81.0,968364324,False
85105655.0,melike akkus,melikeakkus,100,melike akkus,en,299.0,531.0,85105655,False
1637753119.0,emin eminov,EminEminov8,100,Emin Eminov,tr,24.0,50.0,163775311,False
773205608.0,behram koca,behramkoca,100,Behram Koca,tr,187.0,112.0,773205608,False
2368940444.0,islomjon nabiev,islomjonnabiev,100,Islomjon Nabiev,tr,35.0,228.0,236894044,False
271521207.0,mustafa karan,mkarailetisim,96,MUSTAFA KARA,tr,1011.0,4930.0,271521207,False
365164239.0,samet orkun gul,kloro55,97,Samet Orkun G√ºl,tr,36.0,428.0,365164239,False
358999317.0,vahid bahrami,VahidBahrami1,100,Vahid Bahrami,en,12.0,21.0,358999317,False
2915919923.0,irfan batur,irfan_batur,100,irfan batur,en,6354.0,497.0,291591992,False
18971997.0,suleyman soylu,suleymansoylu,96,S√ºleyman Soylu,tr,2199159.0,600.0,18971997,False
2365745598.0,elif gulden uzel,eliffuzell,97,Elif G√ºlden Uzel,tr,505.0,298.0,236574559,False
374146195.0,canberk cengiz,canberkcengiz,100,Canberk Cengiz,tr,46.0,145.0,374146195,False
4259338222.0,hasan coskun,hsncskn91,100,Hasan Coskun,en,152.0,496.0,425933822,False
2588334444.0,hanife ergun,ergun_hanife,96,Hanife Erg√ºn,tr,38.0,68.0,258833444,False
153019444.0, mesut y√§¬±lmaz,mesutyilmaz61,96,MESUT YILMAZ,en,115.0,312.0,153019444,False
224727919.0,betul cilasun,beyjey,100,betul cilasun,en,235.0,348.0,224727919,False
1168713674.0,nurgul ekecik,nurgulekecik,96,Nurg√ºl Ekecik,tr,119.0,227.0,116871367,False
789462997.0,reha ayhan,rehaayhan,100,Reha Ayhan,tr,32.0,68.0,789462997,False
273393599.0,ahmet corduk,ahmetcorduk,100,ahmet corduk,tr,93.0,188.0,273393599,False
1040795040.0,momen al khatib,Kh5Momen,100,Momen Al Khatib,en,39.0,45.0,104079504,False
352843735.0,khaled tawakol,khalidtawakol,100,Khaled Tawakol,en,78.0,107.0,352843735,False
269906264.0,neslihan celik,NeslihanCelik_,100,Neslihan Celik,tr,180.0,417.0,269906264,False
568155550.0,ali osman aslan,aooa58,97,AliOsman Aslan,tr,180.0,137.0,568155550,False
527765077.0,merve bayram,mrvebayram,100,Merve Bayram,tr,239.0,270.0,527765077,False
266826023.0,oguz yasin cihan,oyc01,100,Oguz Yasin Cihan,en,83.0,71.0,266826023,False
173968248.0,mehmet mert kesti,mehmetmertkesti,100,Mehmet Mert KESTƒ∞,en,422.0,317.0,173968248,False
230850831.0,mehmet kara,darulselam,100,Mehmet Kara,tr,90.0,338.0,230850831,False
837482173.0,nafiye polat,nafiyemb,100,nafiye polat,en,30.0,301.0,837482173,False
1373238780.0,nafiye polat,nafiye_polat,100,nafiye polat,en,29.0,279.0,137323878,False
2332247209.0, adem baba,babadem1,100,Adem BABA,tr,15.0,77.0,233224720,False
93845096.0,furkan demir,_furkandemir,96,Furkan DEMƒ∞R,en,40.0,100.0,93845096,False
238165726.0, mustafa korkmaz,mkorkmaz99,100,Mustafa Korkmaz,tr,119.0,190.0,238165726,False
217867948.0,mustafa karagoz,Ordinaryus1907,97,Mustafa Karag√∂z,tr,2091.0,91.0,217867948,False
878638669.0,mahmut ergin,mahmutergin34,96,MAHMUT ERGƒ∞N,tr,339.0,425.0,878638669,False
4759192037.0,burak arslan,BuraqLeon,100,Burak Arslan,tr,64.0,408.0,475919203,False
195129988.0,m rami tawakol,MRTawakol,100,M Rami Tawakol,en,136.0,82.0,195129988,False
1305485694.0,zeynep demir,ZeynepDemirIST,100,Zeynep Demir,tr,388.0,410.0,130548569,False
712307286.0,abdurrahman zengin,azenginn,100,Abdurrahman Zengin,tr,1075.0,397.0,712307286,False
947934061.0,merve kaplan,mervekaplan_,100,Merve Kaplan,tr,93.0,90.0,947934061,False
1013998447.0,heset brahimi,HesetBrahimi,100,Heset Brahimi,en,46.0,143.0,101399844,False
353631855.0,mehmet emin cihangir,mec10wes,100,Mehmet Emin Cihangir,tr,66.0,557.0,353631855,False
1015222154.0,yunus karakaya,yunuzo,100,yunus karakaya,tr,128.0,124.0,101522215,False
314125778.0,ahmet kaya,muhammedkahya83,100,ahmet kaya,tr,317.0,1570.0,314125778,False
1570496725.0,onur baba,BabaOnurbaba02,100,Onur Baba,tr,43.0,99.0,157049672,False
371964113.0,tahir kaya,TKaya_1,100,Tahir kaya,en,178.0,535.0,371964113,False
456967176.0,ozge kalpakcioglu,kalpaksky,97,ozgekalpakcioglu,tr,105.0,240.0,456967176,False
1247080080.0,sumeyra erel,sumeyra_erel,96,s√ºmeyra erel,tr,53.0,56.0,124708008,False
1098813882.0,armed tusha,Armed_Tusha,100, Armed Tusha,en,8.0,34.0,109881388,False
1076267664.0,ebru acar,Acaristaan,100,Ebru Acar,tr,149.0,185.0,107626766,False
1392659191.0,yakup silingec,yakupsilingec,100,Yakup Silingec,tr,139.0,111.0,139265919,False
54890014.0, adem baba,babadem,100,adem baba,tr,69.0,360.0,54890014,False
168113833.0,ebra usta,ebrausta,100,Ebra Usta,tr,593.0,400.0,168113833,False
761450988.0,yasemin erdem,Freuudd,100,Yasemin Erdem,tr,82.0,111.0,761450988,False
7.96800012123e+17,sumeyra yavuz,sumeyrayvz6,96,s√ºmeyra yavuz,tr,120.0,246.0,796800012,False
2464863426.0,yusuf alper cete,CeTeTR,97,Yusuf Alper √áete,tr,0.0,36.0,246486342,False
101483235.0,mehmet korkmaz,mehmet_1234,100,Mehmet Korkmaz,tr,165.0,330.0,101483235,False
315941679.0,abdullah ayasun,abyasun,100,Abdullah Ayasun,en,4821.0,1602.0,315941679,False
202625973.0,mehmet demir,MehmetGurcuoglu,100,Mehmet Demir,en,341.0,587.0,202625973,False
49669079.0,deniz cenk demir,DenizCenkDemir,100,Deniz Cenk Demir,en,682.0,1477.0,49669079,False
276882364.0, begum kaya,Begon_ya,100,Begum Kaya,tr,48.0,270.0,276882364,False
55220437.0,sevgi bilgic,sevgiblgc,96,Sevgi Bilgi√ß,en,123.0,402.0,55220437,False
166501878.0,muhammad haykal,haykallmuhammad,100,Muhammad Haykal,en,428.0,240.0,166501878,False
88899411.0,irfan akkoyun,irfan__akkoyun,100,irfan akkoyun,tr,122.0,258.0,88899411,False
155576359.0,alihan koca,alihankoca,100,alihan koca,en,194.0,298.0,155576359,False
30725104.0,kaveh nematipour,knematipour,100,Kaveh Nematipour,en,170.0,319.0,30725104,False
447440907.0,mehmet burak dikmen,MehmetBurakDikm,100,Mehmet Burak Dikmen,en,168.0,216.0,447440907,False
753514176.0,goktug taner,GoktugTaner,100,Goktug Taner,en,25.0,74.0,753514176,False
2672003055.0,hilal uysal,huysal95,100,Hilal Uysal,tr,105.0,142.0,267200305,False
1241358306.0,sumeyye demir,DmrSmyy,96,S√ºmeyye Demir,tr,59.0,187.0,124135830,False
1553075684.0,tuba bedir,tubabedirr,100,tuba bedir,tr,6.0,61.0,155307568,False
2864579834.0,yusuf gokmen,sadrazam1842,96,Yusuf G√∂kmen,de,13.0,52.0,286457983,False
1036789573.0, zeynep erol,zeyneb_erol,100,Zeynep Erol,tr,78.0,159.0,103678957,False
360181915.0, serkan demir,serkan_dmr1,100,Serkan Demir,tr,33.0,32.0,360181915,False
889187688.0,salih akpinar,AkpinarSalih,100,Salih Akpinar,en,59.0,52.0,889187688,False
4354816696.0,hilal yavuz,hilalyavu,100,Hilal Yavuz,tr,29.0,366.0,435481669,False
1691970415.0,elif ozturk,e_elif_e,100,elif ozturk,tr,18.0,106.0,169197041,False
2799720711.0, baris arslan,_baris_arslan,100,Baris Arslan,en,10.0,8.0,279972071,False
1031237664.0,abdullah gokmen,ABDULLAHGOKMN,97,ABDULLAH G√ñKMEN,tr,2.0,7.0,103123766,False
309935068.0,bunyamin cansev,BnyaminCansev,97,b√ºnyamin cansev,tr,4.0,20.0,309935068,False
930518624.0,ibrahim duru,34DRU94,96,ƒ∞brahim DURU,tr,171.0,671.0,930518624,False
86594374.0,mustafa emre,musatafaemre,100,Mustafa EMRE,tr,32.0,47.0,86594374,False
151050084.0,furkan cakmak,furkancakmak,96,Furkan √áakmak,tr,200.0,296.0,151050084,False
164570071.0, talha k√£¬∂se,kosetalha,100,Talha K√∂se,en,587.0,634.0,164570071,False
9434942.0,sena kuzu,senakuzu,100,Sena Kuzu,en,43.0,70.0,9434942,False
8.19172968023e+17,adil sava,carmenderjr,100,Adil Sava,tr,23.0,68.0,819172968,False
414107608.0, duygu masal,duygumasall,100,Duygu MASAL,tr,46.0,210.0,414107608,False
1501568389.0,mehmet nazif koca,MehmetNazifKOCA,100,Mehmet Nazif KOCA,tr,327.0,168.0,150156838,False
177407142.0,tuba zain alabidin,tubaaa_u,97,Tuba Zainalabidin,tr,328.0,545.0,177407142,False
2651173519.0,sukran kondur,KondurSukran,100,Sukran Kondur,en,1.0,31.0,265117351,False
140518821.0,koral ozgunay,koralozgunay,100,Koral Ozgunay,en,32.0,100.0,140518821,False
865363622.0,yazan alterkawi,YATFFF,100,Yazan Alterkawi,en,615.0,394.0,865363622,False
265839474.0,elyesa turgut,elyesaturgut,100,Elyesa Turgut,tr,273.0,248.0,265839474,False
1067853644.0,busra yildirim,busraholmes,100,Busra Yildirim,en,147.0,468.0,106785364,False
604993855.0, sotiris mitralexis,sotmitral,100,Sotiris Mitralexis,en,681.0,464.0,604993855,False
1475517169.0,samet sevgi,SametSvg,100,Samet Sevgi,en,13.0,72.0,147551716,False
1956316291.0,seid behluli,seidbehluli,100,Seid Behluli,en,43.0,72.0,195631629,False
786963288.0,taha enes kurtulmus,TEKurtulmus,100,Taha Enes Kurtulmus,en,199.0,209.0,786963288,False
1208025931.0,ibrahim asgerli,Aesgaerli,100,Ibrahim Asgerli,en,31.0,54.0,120802593,False
848876610.0,murat boz,mrbozz,100,Murat Boz,tr,93.0,53.0,848876610,False
712567496.0,murat gokdemir,mrtgokdemir,96,Murat G√∂kdemir,tr,154.0,250.0,712567496,False
162081482.0,ceyda tatari,ceydatatari,100,Ceyda Tatari,en,192.0,184.0,162081482,False
1540697210.0,sait zengin,saidzengin,100,Sait Zengin,tr,8.0,166.0,154069721,False
347250524.0,elif develi,elifdevelii,100,Elif Develi,tr,164.0,119.0,347250524,False
296186755.0, g√£¬∂khan √£¬áetinsaya,GokhanCsaya,100,G√∂khan √áetinsaya,tr,632.0,0.0,296186755,False
512080374.0,burak balkaya,michealbonus,100,Burak Balkaya,tr,335.0,341.0,512080374,False
325741469.0,kerime albayrak,albayrakerime,100,Kerime Albayrak,tr,80.0,146.0,325741469,False
342264107.0,sezanur sezgin,SezanurSezgin,100,Sezanur Sezgin,tr,441.0,372.0,342264107,False
4114202595.0,semih yilmaz,smhylmz41,100,Semih Yilmaz,tr,24.0,314.0,411420259,False
1492751425.0,kardelen meric,kardelenmeric,96,Kardelen Meri√ß,tr,147.0,103.0,149275142,False
2573575712.0,mahmut karagoz,mhkrgz,96,Mahmut Karag√∂z,tr,81.0,175.0,257357571,False
287084927.0,yusuf demir,av_yusufdemir,100,Yusuf Demir,tr,1672.0,4899.0,287084927,False
2655289146.0,senanur solmaz,solmazzsnnr,100,Senanur Solmaz,tr,104.0,163.0,265528914,False
146954686.0,abdulkayyum uckun,kayyum1905,97,Abdulkayyum U√ßkun,en,528.0,398.0,146954686,False
437858563.0,yusuf kerim ozal,yusufkerimozal,97,Yusuf Kerim √ñzal,en,131.0,229.0,437858563,False
1665093331.0,aise gul akkoyun,AAkkoyunn,97,Aise G√ºl Akkoyun,en,169.0,381.0,166509333,False
8.31910663635e+17,mehmet kara,kamehveras,100,Mehmet Kara,tr,365.0,1402.0,831910663,False
1413069108.0,zeray kar,zry_kr,100,Zeray Kar,tr,35.0,52.0,141306910,False
539055869.0,zeynep ayan,ZeyAyan,100,Zeynep Ayan,tr,147.0,246.0,539055869,False
52171453.0, ayten koldemir,aytenkoldemir,100,Ayten Koldemir,en,227.0,184.0,52171453,False
851743944.0,ibrahim mutlu,1056Mutlu,100,Ibrahim mutlu,en,19.0,149.0,851743944,False
501944828.0,abdul basit adeel,abadeeel,100,Abdul Basit Adeel,en,819.0,157.0,501944828,False
90976741.0,abdullah dursun,sismanadam,100,Abdullah Dursun,tr,151.0,477.0,90976741,False
1420059606.0,civan kacar,KacarCivan,100,Civan Kacar,tr,266.0,768.0,142005960,False
153772652.0, ibrahim kalin,ikalin1,100,Ibrahim Kalin,en,1244911.0,745.0,153772652,False
360884464.0,abdulhamit yildirim,bosnarehberi,100,Abdulhamit YILDIRIM,tr,255.0,522.0,360884464,False
71758894.0,yunus celik,yunuscelik83,100,yunus celik,en,163.0,2627.0,71758894,False
2762664303.0,ilkan ada,IlkanAda,100,ilkan Ada,tr,17.0,137.0,276266430,False
342302461.0,aysenur altuntas,AysenurAll,100,Aysenur Altuntas,en,323.0,391.0,342302461,False
972634886.0,meltem ozgan,meltem_ozgan,100,meltem ozgan,tr,25.0,181.0,972634886,False
1416228451.0,merve duman,merveduman294,100,merve duman,tr,3.0,16.0,141622845,False
271062336.0,aysenur eser,aysnresr,100,Aysenur Eser,en,71.0,125.0,271062336,False
420697026.0,merve sevinc,sevincmervee,100,merve sevinc,tr,230.0,968.0,420697026,False
227806410.0,mehmet sercan ercan,msercanercan,100,mehmet sercan ercan,tr,536.0,346.0,227806410,False
195842934.0,sibel evecen,ssewecen,100,Sibel Evecen,en,195.0,439.0,195842934,False
891177368.0,emrah kaya,emrahkayad,100,emrah kaya,en,198.0,142.0,891177368,False
345589356.0,sinem pala,Sinemmpala,100,Sinem Pala,tr,254.0,234.0,345589356,False
372162808.0,mehmet ali ozdemir,MehmetAlizdemi6,97,Mehmet Ali √ñzdemir,tr,129.0,1257.0,372162808,False
1345304492.0,javadbay khalilzada,cavadbey29,100,Javadbay Khalilzada,en,79.0,460.0,134530449,False
396480979.0, hamdi irmak,1VARNALI,96,HAMDƒ∞ IRMAK,tr,152.0,215.0,396480979,False
544378302.0,ebrar aydin,EbrarAydn5,100,Ebrar AYDIN,tr,163.0,183.0,544378302,False
226593537.0, zerrin yildiz cavdar,zerrintt,97,Zerrin YILDIZ √áAVDAR,tr,43.0,48.0,226593537,False
548750474.0, mustafa saymeh,SaymehSayme,100,mustafa saymeh,en-gb,48.0,76.0,548750474,False
287251843.0, nida aksoy,Nidaaksoy,100,Nida Aksoy,en,269.0,206.0,287251843,False
499134312.0,melike ergun,matricariamilla,96,Melike Erg√ºn,tr,75.0,159.0,499134312,False
111450444.0,melih talu,MelihTalu,100,Melih Talu,tr,186.0,475.0,111450444,False
550121465.0,emre kayar,fb_emre10,100,Emre Kayar,tr,75.0,58.0,550121465,False
2232249405.0,ibrahim kurban,ikrbn6465,97,ƒ∞brahim Kurban,en,66.0,172.0,223224940,False
574630629.0,metin omer biseli,MetinmerBiseli,97,Metin √ñmer Biseli,en,26.0,85.0,574630629,False
342114048.0,zeynep babali,zchouroro,100,zeynep babali,en,328.0,468.0,342114048,False
2831292040.0, mehmet karakose,Mehmetkkoseist,97,mehmet karak√∂se,tr,24.0,74.0,283129204,False
107565051.0,murat demir,mozdemir71,96,Murat √ñzdemir,tr,623.0,227.0,107565051,False
2478876085.0,emirhan ozkan,eozkan13,96,Emirhan √ñzkan,en,214.0,200.0,247887608,False
66645671.0, kutsal koruk,kutsalkoruk,100,Kutsal Koruk,tr,79.0,161.0,66645671,False
1745756286.0,yusuf demir,yusuf2516,96,Yusuf √ñzdemir,tr,108.0,1171.0,174575628,False
1599652974.0,kaan kurt,KveKurt,100,Kaan Kurt,tr,119.0,440.0,159965297,False
1922395680.0,yahya yacoob,YacoobYahya,100,Yahya Yacoob,tr,2.0,7.0,192239568,False
1339439076.0,yunus demir,AvYunusDemirBey,100,Yunus Demir,tr,96.0,150.0,133943907,False
627607859.0,mehmet topalomer,mehmettopalomer,97,Mehmet Topal√∂mer,en,3.0,37.0,627607859,False
1632868675.0,yunus moroglu,yunusmoroglu,100,yunus moroglu,tr,287.0,236.0,163286867,False
378536512.0,muhittin ozkan,muhittinEozkan,96,Muhittin √ñzkan,en,230.0,732.0,378536512,False
2340975473.0,saide palavar,PalavarSaide,100,Saide Palavar,tr,42.0,84.0,234097547,False
89195407.0,meryem solmaz,SolmazMeryem,100,Meryem Solmaz,tr,65.0,230.0,89195407,False
2342824649.0,elif maden,eliifcim,100,Elif Maden,tr,51.0,243.0,234282464,False
243820223.0,nihan yapar,nihanyapar,100,Nihan Yapar,tr,226.0,317.0,243820223,False
425432346.0,ayse turhan,turhanays,100,Ayse Turhan,tr,121.0,148.0,425432346,False
2810110713.0,muhammed ekici,muhammedeekinci,97,Muhammed Ekinci,en,6.0,20.0,281011071,False
791665500.0,merve armagan,mrvarmagan,100,Merve Armagan,tr,3800.0,334.0,791665500,False
838081099.0,edman yilmaz,EdmanYilmaz,100,Edman Yilmaz,ru,23.0,51.0,838081099,False
1620173989.0,berna golcicek,bernagolcicek,96,bernagolcicek,en,1.0,4.0,162017398,False
1520427962.0, ebubekir ceylan,ceylaneb,100,ebubekir ceylan,tr,2807.0,1258.0,152042796,False
165159065.0,neslihan ozhan,ozhanneslihan,96,neslihan √∂zhan,tr,228.0,518.0,165159065,False
2740742208.0,yunus emre acar,y_eacar,100,Yunus Emre Acar,tr,89.0,128.0,274074220,False
943884296.0,maad sharaf,MaadSharaf,100,Maad Sharaf,en,369.0,173.0,943884296,False
94549014.0,mahmut celik,mahmutcelik,96,Mahmut √áelik,tr,1284.0,1589.0,94549014,False
159022691.0,senol akbulak,senolakbulak,100,Senol Akbulak,en,18.0,41.0,159022691,False
194196967.0,ihsan gursoy,gursoyihsan,96,ihsan g√ºrsoy,tr,32.0,184.0,194196967,False
263167320.0,ibrahim guler,ibrahimgulermi,96,Ibrahim G√ºler,tr,208.0,194.0,263167320,False
259404430.0, mesut √£¬ñzt√£¬ºrk,mesutozturk1988,100,Mesut √ñzt√ºrk,tr,226.0,425.0,259404430,False
982160659.0,hakan bayrak,HakanBayrakHB,100,Hakan Bayrak,tr,112.0,230.0,982160659,False
233548506.0,havvanur ozdemir,fragileworldamn,97,Havva Nur Ozdemir,en,99.0,188.0,233548506,False
174641976.0, mehmet alpatli,alpatli,100,Mehmet ALPATLI,en,343.0,813.0,174641976,False
972451742.0,rumeysa betul ceylan,RbCeylan,97,Rumeysa Bet√ºl Ceylan,tr,182.0,388.0,972451742,False
318006413.0, yunus ali erol,yunusalierol,100,Yunus Ali Erol,tr,63.0,130.0,318006413,False
209749537.0,zafer demir,ZaferDemir_fr,100,Zafer Demir,fr,444.0,1816.0,209749537,False
737912659.0,douaa abbara,DODOABBARA,100,DOUAA ABBARA,ar,127.0,131.0,737912659,False
1941077114.0,ilyas atakan yasak,AtakanYasak,97,ƒ∞lyas Atakan Yasak,tr,160.0,352.0,194107711,False
618201430.0, abdurrahman ihtibar,ihtibar1414,100,abdurrahman ihtibar,tr,18.0,82.0,618201430,False
1336625298.0,emircan sezer,Emirsezer29,96,Emir Can SEZER,tr,71.0,119.0,133662529,False
539474777.0,betul yilmaz,sukufeeee,96,bet√ºl yilmaz,tr,122.0,950.0,539474777,False
476201697.0,ahmet cem iman,ahmetcemiman,97,Ahmet Cem ƒ∞man,tr,151.0,180.0,476201697,False
442712505.0,bayram kaya,byrm1222,100,bayram kaya,tr,26.0,194.0,442712505,False
214511627.0,sedat ulusoy,_sedatulusoy,100,Sedat Ulusoy,en,297.0,318.0,214511627,False
322601600.0,muratcan tanyolac,mtanyolac,97,Muratcan Tanyola√ß,tr,76.0,136.0,322601600,False
806216310.0,ceren dilmen,dilmencern,100,Ceren Dilmen,tr,252.0,142.0,806216310,False
182325686.0,ahmed sherifi,AhmedSherifi,100,Ahmed Sherifi,en,69.0,114.0,182325686,False
1604492863.0,dogukan karakoc,KarakocDogukan,97,DogukanKarakoc,tr,109.0,146.0,160449286,False
827129070.0,sinan yavuz,Sinan53Yavuz,100,Sinan Yavuz,tr,124.0,95.0,827129070,False
900508574.0,mahmut sait arslan,SaitMahmut,100,Mahmut Sait Arslan,en,322.0,248.0,900508574,False
138348596.0, dilem hizlan,dihizlan,100,Dilem Hizlan,en,131.0,463.0,138348596,False
97707163.0,omer eren ertin,omerertin,97,√ñmer Eren Ertin,tr,69.0,363.0,97707163,False
222408208.0,aslan bakirov,abekir,100,Aslan Bakirov,en,151.0,1188.0,222408208,False
465947189.0, ali uzun,uzunali24,100,Ali Uzun,en,42.0,167.0,465947189,False
1520466764.0, farabi -,mehmetfarabi870,100,FARABƒ∞,tr,264.0,3115.0,152046676,False
784689086.0,dilan engin,dilan_engin,100,Dilan Engin,tr,86.0,96.0,784689086,False
476086009.0,abdullah mursel,AbdullahMRSL,97,Abdullah M√úRSEL,tr,23.0,39.0,476086009,False
819616339.0,nisa reis,NisaReis,100,nisa reis,tr,13.0,41.0,819616339,False
388384708.0,hazel kaba,hazelkaba,100,Hazel Kaba,tr,228.0,192.0,388384708,False
767669089.0,elkhalifi oussama,KhaOussama,100,Elkhalifi Oussama,fr,6.0,102.0,767669089,False
9.00469680192e+17,enes kavas,MuhabbetiAgah,100,Enes Kavas,tr,112.0,268.0,900469680,False
170793146.0,zeynep sena kurtul,zskurtul,100,Zeynep Sena Kurtul,tr,238.0,210.0,170793146,False
170012983.0, nihat erdogmus,nihaterdogmus,100,Nihat Erdogmus,en,1009.0,501.0,170012983,False
228337100.0,suleyman begenjov,S_Begenjov,100,Suleyman Begenjov,en,665.0,171.0,228337100,False
376693951.0,beyza yenigun,byzyenigun,100,Beyza Yenigun,tr,77.0,119.0,376693951,False
99515495.0,ismail hatip,hatip_ismail,96,ƒ∞smail Hatip,tr,214.0,494.0,99515495,False
136255136.0,suheyb erdemci,shybrdmci,96,s√ºheyb erdemci,tr,66.0,105.0,136255136,False
7.51477926894e+17,yunus emre albayrak,yemrealbyrk,100,Yunus Emre Albayrak,tr,73.0,73.0,751477926,False
9.9233009338e+17,aylin tuncay,ayliintnc,100,Aylin Tuncay,en,4.0,6.0,992330093,False
218095010.0,huseyin dikmen,eksi_zeytin,96,h√ºseyin dikmen,tr,616.0,334.0,218095010,False
518787696.0,miray gokmen,mrygokmen,96,Miray G√∂kmen,tr,280.0,181.0,518787696,False
2795701211.0,mehdi nuruzade,mikhaylo_,100,Mehdi Nuruzade,en,12.0,30.0,279570121,False
928134109.0,emre kaplan,ylmdk,100,Emre Kaplan,tr,175.0,1118.0,928134109,False
288974820.0,ebrar yaman,EbrarYamn,100,Ebrar Yaman,tr,257.0,133.0,288974820,False
579186200.0,merve vural,ofmoriste,100,Merve VURAL,tr,256.0,101.0,579186200,False
2989298344.0,hasan pehlivan,hasanpehlivan0,100,Hasan Pehlivan,en,4.0,28.0,298929834,False
380163113.0, ayse guveli,ayseguveli,100,Ayse Guveli,en,442.0,283.0,380163113,False
741129642.0,sacit cesitcioglu,sacitces,100,Sacit Cesitcioglu,tr,137.0,22.0,741129642,False
328899293.0,mehmet demir,AvMehmetDemir,100,Mehmet Demir,tr,12948.0,13056.0,328899293,False
944285684.0,safiye nur gultekin,1safiye,97,Safiye Nur G√ºltekin,tr,150.0,133.0,944285684,False
356478549.0,ali selman burak,seelemeane,100,Ali Selman Burak,tr,98.0,60.0,356478549,False
8.41745956832e+17,usame yolcu,usame_yolcu,100,Usame YOLCU,tr,1.0,72.0,841745956,False
2346771736.0,mehmet korkmaz,mehmet3021,100,Mehmet Korkmaz,tr,274.0,264.0,234677173,False
527886906.0,abdulrahim kannout,abdulrhem3,100,Abdulrahim Kannout,en,23.0,143.0,527886906,False
1702176386.0,selma slocum,SelmaSlocum,100,Selma Slocum,en,11.0,22.0,170217638,False
3331802848.0,sefa erdin,yigidosefa58,100,Sefa Erdin,tr,6.0,46.0,333180284,False
7.93955553723e+17,mehmet yilmaz,MHMTYLZ27,100,#Mehmet YILMAZ,tr,23.0,108.0,793955553,False
78342853.0,mustafa sahin,MstfShn,100,Mustafa Sahin,en,550.0,740.0,78342853,False
7.00707449079e+17,ervanur dundar,ErvanurDundar,96,Ervanur D√ºndar,en,123.0,505.0,700707449,False
8.15693206097e+17,sumeyye bulut,smyyebulut,96,s√ºmeyye bulut,tr,86.0,234.0,815693206,False
52458947.0,baran altuncu,BaranAltuncu,100,Baran Altuncu,en,25.0,79.0,52458947,False
1610103654.0,damla baydemir,BaydemirDamla,100,damla baydemir,tr,20.0,51.0,161010365,False
2973009443.0, ! philosophy,philosopherbee,100,Philosophy,tr,48.0,370.0,297300944,False
863569502.0,fatma demirbas,fatmadmrbs,100,fatma demirbas,en,7.0,65.0,863569502,False
111653887.0,oguzhan adak,oguzhan007,100,Oguzhan Adak,en,41.0,235.0,111653887,False
219327899.0,beste erarslan,besterarslan,100,beste erarslan,en,147.0,231.0,219327899,False
1435285928.0,fatma demir,DemrFtm,100,fatma demir,tr,0.0,36.0,143528592,False
631426132.0,emrah yilmaz,EmrahhYILMAZ,100,Emrah YILMAZ,tr,207.0,823.0,631426132,False
2961602871.0,mehmet kaya,birbileklik,100,Mehmet Kaya,tr,179.0,837.0,296160287,False
89016571.0,burak eren,dniester,100,Burak Eren,tr,45.0,209.0,89016571,False
317270977.0,halime demir,Rosican1,100,Halime Demir,tr,62.0,324.0,317270977,False
8.52631858622e+17,anis rouis,rouis_anis,100,Anis Rouis,fr,5.0,63.0,852631858,False
392899986.0,umut burgaz,umutborges,100,Umut Burgaz,tr,100.0,33.0,392899986,False
7.77958030219e+17, ! akademik,btlyurt,100,Akademik,tr,128.0,203.0,777958030,False
2964744178.0,rateb altal,RatebAltal,100,Rateb Altal,en,38.0,20.0,296474417,False
2835718624.0,enes etlik,EnesEtlik,100,Enes Etlik,en,81.0,257.0,283571862,False
291146299.0,zeynep yilmaz,Zeyneb_55_,100,Zeynep YILMAZ,tr,43.0,292.0,291146299,False
531509972.0,beyza karaca,merhabanam,100,Beyza Karaca,tr,118.0,223.0,531509972,False
8.45706076423e+17,ali furkan ak,AliFurkanAk97,100,Ali Furkan Ak,tr,39.0,141.0,845706076,False
1259301612.0, esra ozdemir,Esraozdemir13,100,Esra ozdemir,tr,1.0,258.0,125930161,False
629318739.0,fatma beyza eren,fatmabeyzaeren,100,Fatma Beyza Eren,tr,95.0,49.0,629318739,False
99391224.0,ahmet cakmak,ahmetcakmak1,96,ahmet √ßakmak,tr,176.0,2315.0,99391224,False
315899534.0,gizem akel,GizemAkell,100,Gizem Akel,tr,111.0,66.0,315899534,False
7.14460093967e+17,fatih enes usta,fatihenesus,100,Fatih Enes Usta,tr,1.0,12.0,714460093,False
7.62975238003e+17,mehmet fatih korkut,Korkut__Fatih,100,Mehmet Fatih Korkut,tr,142.0,256.0,762975238,False
7.56224243307e+17,alikamal gulfanov,alikemalahiska,100,Alikamal Gulfanov,ru,54.0,111.0,756224243,False
8.12990018046e+17,melek buyurucu,mbbuyurucu,100,Melek Buyurucu,tr,0.0,6.0,812990018,False
8.52552092707e+17,mehtap gunay,MehtapGunay4,100,Mehtap Gunay,tr,3.0,28.0,852552092,False
9.00817992816e+17, halil arslan,halilaslansos,96,Halil Aslan,tr,461.0,1094.0,900817992,False
364870310.0,hakan yilmaz,Hakanylmz38,100,Hakan YILMAZ,tr,70.0,331.0,364870310,False
367997832.0, mehmet aytar,mehmetkhalit,96,mehmet ayar,tr,87.0,449.0,367997832,False
9.19263758128e+17,halime demir,demirhalime_,100,Halime Demir,tr,1.0,115.0,919263758,False
2425151.0, facebook -,facebook,100,Facebook,en,14026348.0,514.0,2425151,False
2993840453.0, mustafa korkmaz,mustafakz1453,100,Mustafa Korkmaz,tr,190.0,478.0,299384045,False
105865333.0,duygu dalyanoglu,duygudal,100,Duygu Dalyanoglu,en,538.0,490.0,105865333,False
249747208.0,gulcin kayhan,GulinKayhan,96,Gulin Kayhan,en,38.0,279.0,249747208,False
146166034.0,saad qamar iqbal,SaadQIqbal,100,Saad Qamar Iqbal,en,55.0,105.0,146166034,False
586809124.0,sude beyaz,SudeBeyaz_,100,Sude Beyaz,tr,301.0,197.0,586809124,False
8.17011629523e+17,yusuf bedir,ysfbedr,100,Yusuf Bedir,tr,15.0,41.0,817011629,False
125094226.0,mustafa aygun,mstfygn,96,mustafa ayg√ºn,tr,102.0,300.0,125094226,False
159967656.0,kemal karaca,kkaraca53,100,Kemal Karaca,tr,241.0,162.0,159967656,False
59225068.0,hacer esra derinsu,hederinsu,100,Hacer Esra Derinsu,tr,50.0,6.0,59225068,False
2333455057.0,ali atakan erol,aa_erol,100,Ali Atakan Erol,tr,100.0,147.0,233345505,False
589399262.0,alper kodak,kodakalper1,100,Alper Kodak,en,34.0,29.0,589399262,False
1259077356.0,elif esra boz,ElifEsraBozz,100,Elif Esra Boz,tr,89.0,91.0,125907735,False
9.79769992362e+17,ahmet kaya,ahmetkaya1299,100,Ahmet KAYA,tr,296.0,1701.0,979769992,False
2394654749.0,mohammed seba,med_seba,100,Mohammed Seba,en,6.0,50.0,239465474,False
1595795366.0,furkan ecevit,97Ecevit,100,Furkan Ecevit,tr,28.0,130.0,159579536,False
8.22909215996e+17, mehmet erken,eremero4,96,Mehmet Eren,tr,125.0,981.0,822909215,False
1380755774.0,ahmad aljalmoud,AAljalmoud,100,Ahmad Aljalmoud,ar,0.0,10.0,138075577,False
2343452087.0,zekeriya beyhan,BeyhanZekeriya,100,zekeriya beyhan,tr,24.0,95.0,234345208,False
220145170.0, ! computer science,CompSciFact,100,Computer Science,en,189699.0,19.0,220145170,False
754247136.0,egemen turhan,engintuna7,96,EGEMEN TURAN,tr,21.0,107.0,754247136,False
38041240.0, levent gurun,leventgurun,100,Levent Gurun,tr,118.0,337.0,38041240,False
3339142871.0,sinan tekin,SOztekin20,96,Sinan √ñztekin,tr,58.0,341.0,333914287,False
9.15299432832e+17,ahmet ugurlu,UygurluAhmet,96,AHMET UYGURLU,tr,247.0,612.0,915299432,False
3080410331.0,ahmed taskinirmak,AhmedTaskinirm1,100,Ahmed Taskinirmak,tr,9.0,17.0,308041033,False
1596300691.0,sumeyra yavuz,smeyrayavuz4,96,s√ºmeyra yavuz,tr,121.0,136.0,159630069,False
8.60816905171e+17,yasemin yildiz,yildiz_bms,100,Yasemin Yildiz,tr,173.0,354.0,860816905,False
1528132494.0,zeynep boran,zeynepmecitoglu,96,zeynep bora,tr,136.0,887.0,152813249,False
7.2392646568e+17,merve karan,MerveKaran12,100,Merve Karan,en,41.0,170.0,723926465,False
7.98825557064e+17,vecihe yavuz,vecisyvz,100,Vecihe Yavuz,tr,176.0,47.0,798825557,False
9.78375616461e+17,zekeriya beyhan,ZekeriyaBeyhan,100,Zekeriya Beyhan,tr,7.0,20.0,978375616,False
2425610849.0,mehmet kaya,mehmetkaya_1453,100,mehmet kaya,tr,6.0,138.0,242561084,False
2994889984.0, erkan erdemir,eerkan_erdemir,100,Erkan Erdemir,de,231.0,462.0,299488998,False
2341022142.0,ali koc,51alihaydar,100,Ali koc,tr,6.0,32.0,234102214,False
7.5537842419e+17,dila albayrak,dilaalbayrakkkk,100,Dila Albayrak,tr,160.0,147.0,755378424,False
2255825730.0,hande atasoy,rabiahande,100,Hande Atasoy,tr,117.0,278.0,225582573,False
9.41213948263e+17,ahmet yaman,ahmetyamanmesob,100,AHMET YAMAN,tr,190.0,2811.0,941213948,False
52177613.0,taha ayhan,tahaayhan,100,Taha AYHAN,en,35671.0,1002.0,52177613,False
331103502.0,sumeyye koca,smyykc,96,S√ºmeyye Koca,tr,190.0,259.0,331103502,False
179954793.0,mustafa arslan,mustafa_arslan_,100,mustafa arslan,tr,214.0,395.0,179954793,False
1166412223.0,eda kaplan,EdaKplan,100,Eda Kaplan,tr,106.0,257.0,116641222,False
2544538522.0,mustafa demir,Mustafa78778240,96,Mustafa √∂zdemir,tr,86.0,397.0,254453852,False
386018373.0,abdulrahman alshibli,Abdul_shibli,97,abdulrhman alshibli,en,76.0,156.0,386018373,False
8.86280869992e+17,merve yildiz,mulazimhnm,100,Merve YILDIZ,tr,77.0,1105.0,886280869,False
146874707.0,halime karayel,Haluket,100,Halime Karayel,tr,276.0,160.0,146874707,False
2962807305.0,murat dursun,muratdursun1974,100,Murat Dursun,tr,19.0,196.0,296280730,False
4306171395.0,mehmet kaplan,MehmetKaplan199,100,Mehmet Kaplan,tr,1481.0,5001.0,430617139,False
482851338.0,onur arslan,arslanonurr,100,Onur Arslan,tr,71.0,42.0,482851338,False
1897034766.0,kadir tekin,Kadirztekin,96,Kadir √ñztekin,tr,86.0,541.0,189703476,False
3157400549.0,mehmet uyar,Mehmet_Uyarmr,100,Mehmet Uyar,tr,22.0,102.0,315740054,False
160188040.0,hasan pehlivan,hasanpehlivan87,100,Hasan Pehlivan,tr,135.0,173.0,160188040,False
357098332.0,ezgi ozdemir,ezgizdemir5,96,ezgi √∂zdemir,tr,7.0,25.0,357098332,False
1490104831.0, hamdi irmak,HamdiIrmak1,100,Hamdi Irmak,tr,10.0,16.0,149010483,False
724602042.0,selin karaca,selinkaracaaa,100,Selin Karaca,tr,150.0,155.0,724602042,False
7.70219489703e+17,zuleyha temel,SosyologZulisT,96,Z√ºleyha Temel,tr,0.0,135.0,770219489,False
1392005665.0,burak ozdemir,zdmrburak,96,Burak √ñzdemir,tr,261.0,388.0,139200566,False
1471706816.0, zeynep uysal,nzeynepuysal,100,Zeynep Uysal,tr,414.0,487.0,147170681,False
367738612.0,emre kayaci,emrekayaci2,100,Emre Kayaci,tr,134.0,39.0,367738612,False
3368291049.0,ahmethan cengiz,ACengizAC,100,Ahmethan Cengiz,tr,168.0,191.0,336829104,False
34993423.0,caner ozdemir,canerozdemir,100,Caner Ozdemir,tr,225.0,510.0,34993423,False
498084086.0,esra uslupat,EsraUslupat,100,Esra Uslupat,en,179.0,174.0,498084086,False
791882910.0,ahmet kaya,sozlerimle,100,Ahmet Kaya,tr,134581.0,38.0,791882910,False
8.02618134134e+17,hasan pasin,hasanpasin,100,Hasan Pasin,tr,113.0,85.0,802618134,False
2148853786.0,yusuf tekdemir,FBTekdemirYusuf,100,Yusuf Tekdemir,tr,72.0,73.0,214885378,False
300251281.0,yusuf akbulut,yusuf_akbulut,100,Yusuf Akbulut,en,70.0,99.0,300251281,False
2609381900.0,merve ataman,mrvatmn_,100,Merve Ataman,tr,153503.0,118867.0,260938190,False
604830193.0,can berk ayar,canberkayar,96,Canberk Ayar,tr,202.0,222.0,604830193,False
1653144812.0,fatih aytekin,fatihayt3kin,100,Fatih Aytekin,en,384.0,228.0,165314481,False
532567918.0,berk demirkoparan,Simurger,100,Berk Demirkoparan,en,186.0,118.0,532567918,False
2411383444.0,mahmut yavuz,mahmuteminyavuz,100,Mahmut Yavuz,tr,202.0,177.0,241138344,False
9.35448699325e+17,nurgul arslan,nurgullrslan,96,Nurg√ºl ARSLAN,tr,56.0,139.0,935448699,False
4003163765.0,abdullah karaarslan,abdkaraarslan,100,Abdullah Karaarslan,en,2687.0,301.0,400316376,False
613125684.0,bilal deniz,BilalDeniz9,100,Bilal Deniz,tr,45.0,589.0,613125684,False
252265677.0,esra nur avcilar,ehuntres,100,Esra Nur Avcilar,tr,264.0,91.0,252265677,False
3035574670.0,koray can talu,koraytalu,100,Koray Can Talu,en,8.0,15.0,303557467,False
4205156903.0,alim karadeniz,AliKara45537011,96,Ali Karadeniz,tr,131.0,1114.0,420515690,False
7.92520470818e+17,behlul karakaya,karakaya_behlul,97,Behl√ºl Karakaya,tr,34.0,37.0,792520470,False
9.07489214644e+17,fatma demir,FatmaDE35838121,96,Fatƒ±ma Demir,tr,51.0,305.0,907489214,False
8.8779963648e+17,feyza nur ak,nuruayri,100,feyza nur ak,tr,55.0,119.0,887799636,False
2352791451.0,yakup karlik,yakupkarlik,100,yakup karlik,tr,288.0,152.0,235279145,False
1469121594.0, ! felsefe,bilgiyiseven,100,FELSEFE,tr,38466.0,36785.0,146912159,False
245972450.0,ayse yildiz,seyyahayse,100,ayse yildiz,en,644.0,1442.0,245972450,False
804561234.0,cemaleddin coka,sfsckesc,97,cemaleddin √ßoka,tr,113.0,175.0,804561234,False
1602069942.0,mustafa can,mustafacan29665,100,mustafa can,tr,7.0,45.0,160206994,False
201203999.0, rusen ayata,Rsnayata,100,Rusen ayata,tr,191.0,188.0,201203999,False
2902717594.0,fatih aslan,fatih9320,96,Fatih Arslan,tr,9.0,144.0,290271759,False
2993268754.0,mustafa karagoz,Mustafakaragoss,97,Mustafa karag√∂z,en,149.0,393.0,299326875,False
1030991929.0,merve kaplan,mervekapla,96,mervekaplan,tr,103.0,390.0,103099192,False
1433497994.0,murat boz,MuratBoozzzz,100,Murat Boz,tr,6149.0,211.0,143349799,False
248426373.0,salim yavuz,salimyavuz,100,Salim YAVUZ,tr,112.0,124.0,248426373,False
11723602.0,hamza albayrak,hamzalbayrak,100,Hamza Albayrak,tr,1057.0,295.0,11723602,False
1630493340.0,abdurrahman yavuz,ayvz25,100,Abdurrahman Yavuz,tr,149.0,145.0,163049334,False
96185337.0,murat boz,MuratBoz,100,Murat Boz,tr,3943616.0,2.0,96185337,False
450157672.0, mustafa √£¬ñzel,MustafaGozel,96,Mustafa G√∂zel,tr,31200.0,95.0,450157672,False
8.18528024291e+17,emirkan celik,Emirkantkd,96,Emirkan √áelik,tr,17.0,112.0,818528024,False
8.00429454334e+17,ecenur zerin,sadececee,100,Ecenur Zerin,tr,24.0,30.0,800429454,False
7.5444905218e+17, muharrem kaya,mkayaiku,100,Muharrem Kaya,tr,39.0,127.0,754449052,False
1641470071.0,murat yilmaz,myilmaz_67,100,Murat Yilmaz,tr,12304.0,669.0,164147007,False
239145054.0,dilara gerger,DiLaraGr,100,dilara gerger,tr,351.0,271.0,239145054,False
1832031217.0,beyza aksoy,beyzaaksoy__,100,Beyza Aksoy,tr,111.0,170.0,183203121,False
2339878829.0,muammer ozdemir,42__KnY,97,Muammer √ñzdemir,tr,47.0,49.0,233987882,False
356180353.0,samet furkan unal,SametFurkanUnal,97,Samet Furkan √únal,tr,87.0,99.0,356180353,False
1869148890.0,emirkan celik,emirkancelikk,96,Emirkan √áelik,tr,113.0,126.0,186914889,False
999498842.0,muhammet gul,muhammetgul46,96,Muhammet G√ºl,tr,11.0,63.0,999498842,False
1562628360.0,omer faruk karakaya,ofkderler,97,√∂mer faruk karakaya,tr,230.0,129.0,156262836,False
7.09271203107e+17,merve caglayan,mervecaglayann,100,Merve Caglayan,tr,48.0,650.0,709271203,False
99095397.0,murat demir,Murat_Ozdemir_,96,Murat √ñzdemir,tr,202921.0,45.0,99095397,False
1545408007.0,mustafa erdogan,merdogan030,100,Mustafa Erdogan,nl,151.0,483.0,154540800,False
2927276081.0, hanife kalkan,hanifeklkn,100,Hanife Kalkan,tr,181.0,573.0,292727608,False
1121686015.0,serhat aksoy,serhataksoy15,100,serhat aksoy,tr,42.0,263.0,112168601,False
183210005.0,ahmet kaya,AhmetKaya_Fan,100,Ahmet Kaya,tr,141797.0,279.0,183210005,False
2885172979.0,ali baver aslan,AliBaveer,100,Ali Baver Aslan,tr,174.0,196.0,288517297,False
311496438.0,rasul satymov,rasul385,100,Rasul Satymov,en,7.0,22.0,311496438,False
4665399916.0,zeynep demir,shady_zeynepp,96,Zeynep √ñzdemir,tr,9.0,90.0,466539991,False
3357413789.0,recep kuzu,recepkuzuu,100,Recep Kuzu,tr,66.0,85.0,335741378,False
286150122.0,mustafa tonoglu,tonoglumustafa,100,Mustafa Tonoglu,tr,185.0,119.0,286150122,False
7.42893192942e+17,sumeyye bayraktar,sumeyyebyrktr29,97,S√ºmeyye Bayraktar,en,51.0,53.0,742893192,False
254960250.0,simge nur kara,SimgeNurKaraa,100,Simge Nur Kara,tr,352.0,164.0,254960250,False
2764716461.0,zeynep altun,ZeynpAltun,100,Zeynep Altun,tr,129.0,116.0,276471646,False
367288942.0,huseyin bayar,huseynbayar,96,H√ºseyin Bayar,tr,21.0,32.0,367288942,False
1295872634.0,yesim keskin,yesimksknn,100,yesim keskin,tr,101.0,116.0,129587263,False
2352207647.0,murad berkeliev,95Muradik,100,Murad Berkeliev,ru,3.0,41.0,235220764,False
3109595518.0,mehmet yilmaz,a0fb9a01ef8a439,100,Mehmet Yilmaz,tr,121.0,833.0,310959551,False
1571223625.0,tugba yilmaz,asude_tuba,96,tuba yilmaz,tr,35.0,160.0,157122362,False
1327371013.0,omer faruk can,farukcanomer,96,√ñmer Faruk Can,tr,46.0,99.0,132737101,False
2387446805.0,mustafa demir,mzdmrr,96,Mustafa √ñzdemir,tr,162.0,177.0,238744680,False
8.47519216987e+17,beyza guler,GulerBeyzaaa,100,Beyza Guler,tr,13.0,44.0,847519216,False
334651678.0,ahmet karaca,Karaca4hmet,100,Ahmet Karaca,tr,808.0,1188.0,334651678,False
7.48315388325e+17,hatice haskul,haticehaskul,100,hatice haskul,tr,58.0,151.0,748315388,False
7.81497776027e+17, ! akademik,mn_researcher,100,Akademik,tr,547.0,262.0,781497776,False
246998721.0,melih adatepe,melihadatepe,100,Melih Adatepe,tr,264.0,214.0,246998721,False
2326987170.0,yusuf demir,nrnysf41,100,yusuf demir,tr,112.0,1811.0,232698717,False
3434564488.0,emre kaplan,Maykadapickax,100,Emre Kaplan,tr,127.0,252.0,343456448,False
2956361386.0,aya aldakkak,Ayaaldakkak,100,Aya Aldakkak,en,136.0,78.0,295636138,False
462352198.0,safak simsek,SafakSimsek,100,Safak Simsek,tr,131.0,47.0,462352198,False
2948903573.0,serhat kalem,kalem_serhat,96,serhatkalem,en,43.0,1.0,294890357,False
3393230092.0,mustafa cemre can,canmustafacemre,100,Mustafa Cemre Can,tr,18.0,39.0,339323009,False
162417303.0,mustafa celikel,Celikel_muu,100,Mustafa Celikel,tr,161.0,188.0,162417303,False
537591456.0,merve akyurek,merveeakyurek,96,Merve Aky√ºrek,en,283.0,176.0,537591456,False
2201852326.0,ahmet nomanoglu,Ahmet_Nomanoglu,100,Ahmet Nomanoglu,tr,61.0,76.0,220185232,False
4149767594.0,elif karaman,elfkhrmn123321,96,elif kahraman,tr,3.0,53.0,414976759,False
533235143.0,murat demir,muratde27155140,100,murat demir,tr,8.0,54.0,533235143,False
434723411.0,hakan biyik,AvHakanBIYIK,100,HAKAN BIYIK,tr,348.0,1985.0,434723411,False
2420195627.0,merve fidan,FBmerve1218,100,Merve Fidan,tr,2.0,29.0,242019562,False
7.19103356842e+17,adem kara,AdemKar05200252,100,Adem Kara,tr,29.0,154.0,719103356,False
3212128534.0,huseyin yavuz,Huseyn_Yvz,96,H√ºseyin Yavuz,tr,912.0,1.0,321212853,False
8.93901164735e+17,zeynep demir,ZeynepD22274252,100,Zeynep Demir,tr,15.0,59.0,893901164,False
488335702.0,durali topal,DuraliTopal,100,Durali topal,tr,86.0,72.0,488335702,False
306293307.0,melik ahmet daye,melikdaye,100,Melik Ahmet Daye,tr,121.0,81.0,306293307,False
323999505.0,dilara demir,DilaraDemir3,100,Dilara Demir,tr,710.0,234.0,323999505,False
2943883113.0,omer aslan,AOmer76,100,Omer Aslan,tr,85.0,280.0,294388311,False
301378912.0, zeynep kurt,arslantaszeynep,100,Zeynep Kurt,tr,301.0,175.0,301378912,False
4120059441.0,furkan enes cakar,Furkanncakarr,97,Furkan Enes √áakar,tr,55.0,114.0,412005944,False
8.04336950589e+17,yunus emre tapan,t_yemre,100,Yunus Emre Tapan,tr,46.0,860.0,804336950,False
531079884.0,hakan bayrak,ahakanbayrakci,96,Hakan Bayrak√ßƒ±,tr,170840.0,2009.0,531079884,False
3292790036.0,halil demir,SailorBarthem,100,Halil Demir,tr,44.0,128.0,329279003,False
159637252.0,ismail mutlu,ismlmutlu,96,ƒ∞smail Mutlu,tr,184.0,168.0,159637252,False
1354340738.0,onur arslan,OnurArslannnnnn,100,Onur Arslan,tr,121.0,148.0,135434073,False
122684595.0,mustafa demir,mustafademir,100,Mustafa Demir,tr,97588.0,248.0,122684595,False
2808677823.0, ibrahim kaya,Ndankota,100,ibrahim kaya,tr,24.0,102.0,280867782,False
8.9771899029e+17,mehmet kaya,MehmetK52007852,100,Mehmet KAYA,tr,0.0,21.0,897718990,False
394045791.0,mustafa dursun,mstafadursun,100,Mustafa Dursun,tr,40776.0,37749.0,394045791,False
3136681514.0,mustafa kaymaz,kymzmstfa,100,Mustafa Kaymaz,tr,16.0,33.0,313668151,False
1488812203.0,ayse aydin,ayse_misafirim,100,ayse aydin,tr,1332.0,2119.0,148881220,False
326909005.0,cemil yavuz,cemyav,100,cemil yavuz,tr,207.0,1970.0,326909005,False
99305457.0, yusuf arslan,yusufaslan44,96,Yusuf Aslan,tr,361.0,963.0,99305457,False
3353333686.0,murat can,Murolojiq,100,MURAT CAN ‚ú¥,tr,350.0,1556.0,335333368,False
18865870.0,sena alkan,senaalkan,100,Sena Alkan,tr,1467.0,1434.0,18865870,False
2151530748.0,meryem turan,turanmeryemm,100,Meryem Turan,tr,77.0,201.0,215153074,False
3243392063.0,semih deniz,semihdeniz_,100,Semih Deniz,tr,55.0,75.0,324339206,False
1635338335.0,emre kaya,emrek650,100,EMRE KAYA,tr,11671.0,2270.0,163533833,False
7.43826912213e+17,irhad puce,puceirhad,100,Irhad Puce,en,32.0,56.0,743826912,False
7.15604813741e+17,daniele francario,francario,100,Daniele Francario,en-gb,10.0,233.0,715604813,False
18864998.0,mustafa celik,celikmusta,96,Mustafa √áelik,tr,119.0,412.0,18864998,False
178906899.0,ismail maden,ismailmaden,100,ismail maden,en,66.0,176.0,178906899,False
8.59492318906e+17,ahmet kaya,Akaya2017,100,Ahmet Kaya,tr,33.0,754.0,859492318,False
8.97148625428e+17,mustafa ayan,Ayan_Mustafaa,100,Mustafa Ayan,tr,44.0,114.0,897148625,False
3310598873.0,huseyin yavuz,huseyin653465,96,H√ºseyin Yavuz,tr,59.0,376.0,331059887,False
106044999.0,mehmet sahin,teopolitik,100,Mehmet Sahin,en,16224.0,901.0,106044999,False
7.28943094742e+17,mustafa karan,kararazim,96,Mustafa Kara,tr,4.0,95.0,728943094,False
928991347.0,mustafa emre,mustafaemre__,100,Mustafa Emre,tr,316.0,344.0,928991347,False
250818227.0,mehmet demir,mehmetdemir86,100,Mehmet Demir,en,404.0,1563.0,250818227,False
8.38334576926e+17,merve pakcan,merve_pakcan,100,Merve Pakcan,en,2.0,2.0,838334576,False
8.8740930088e+17,mucahid yerlikaya,myerlikaya7,100,Mucahid Yerlikaya,tr,92.0,105.0,887409300,False
283536919.0,amer nour eddin,AmerNoureddin,97,Amer Noureddin,en,19.0,19.0,283536919,False
370167039.0,harun tekin,harun_tekin,100,Harun Tekin,tr,862922.0,1059.0,370167039,False
8.13461895416e+17,oxana orliogo,OOrlioglo,96,oxana orlioglo,ru,6.0,11.0,813461895,False
169209299.0,hilal ebru yakar,hilalebruuuu,100,hilal ebru yakar,es,246.0,243.0,169209299,False
22809165.0, academia,academia,100,Academia,en,44778.0,300.0,22809165,False
943572432.0, halil yildiz,HALILYILDIZ63,96,HALƒ∞L YILDIZ,tr,16.0,55.0,943572432,False
9.68174443956e+17,ali hussain,AliHuss82504714,100,Ali Hussain,tr,33.0,841.0,968174443,False
9.22058750005e+17,hilal aslan,hilalaslan86,100,Hilal Aslan,tr,8.0,125.0,922058750,False
1583430396.0,burak yildirim,brkyldrm79,100,Burak YILDIRIM,en,36.0,240.0,158343039,False
4470767847.0,burak kaplan,kaplanburak94,100,Burak Kaplan,en,169.0,991.0,447076784,False
1035630733.0,mehmet demir,mhmtdmrz,96,Mehmet Demir√∂z,tr,196.0,264.0,103563073,False
1689253898.0,mehmet demir,MehMeTD76854854,96,MehMeT  Demir,tr,62.0,528.0,168925389,False
138053570.0,mustafa arslan,mu_arslan,100,mustafa arslan,tr,255.0,331.0,138053570,False
9.28015543974e+17,ghita el ghiati,ghita_ghiati,100,Ghita El Ghiati,en,3.0,15.0,928015543,False
1591148562.0,lutfullah sancak,LtfullahSancak,97,L√ºtfullah Sancak,tr,59.0,87.0,159114856,False
1608230516.0,mustafa demir,alperenmiracmd,100,Mustafa Demir,tr,140.0,1077.0,160823051,False
2728838721.0,merve vural,mevevural,100,Merve Vural,tr,98.0,146.0,272883872,False
14068305.0,emrah kaya,emrahkaya,100,Emrah Kaya,en,87334.0,438.0,14068305,False
3306885610.0,mahmut ozdemir,Ozdemir1903_01,96,Mahmut √ñzdemir,en,81.0,167.0,330688561,False
170827894.0,ozan ahmet cetin,ozanahmetcetin,97,Ozan Ahmet √áetin,en,196.0,350.0,170827894,False
7.13051389623e+17,emre kaya,kaya02014,100,Emre Kaya,en,2.0,39.0,713051389,False
615555441.0,merve sancaktar,mervesancaktr,100,Merve Sancaktar,tr,412.0,311.0,615555441,False
155516378.0, isil bilican,isilbilican,100,Isil Bilican,en,41.0,148.0,155516378,False
86719278.0,hakan yilmaz,yilmaz_hakan,100,Hakan Yilmaz,tr,10529.0,757.0,86719278,False
67543826.0, huzeyfe onal,huzeyfeonal,96,Huzeyfe √ñNAL,en,7142.0,1328.0,67543826,False
2897231543.0,elif keskin,TheKskn,100,Elif Keskin,tr,94.0,98.0,289723154,False
967897650.0,ahmet kaya,HocazadeAhmed,100,Ahmet Kaya,tr,436.0,420.0,967897650,False
275094798.0,mustafa kaya,AzmiMustafaKaya,100,Mustafa Kaya,tr,8622.0,4576.0,275094798,False
2659932177.0, yusuf arslan,yyusufaslann,96,Yusuf ASLAN,tr,93.0,448.0,265993217,False
7.5980484034e+17,mustafa celik,_mustafa__celik,96,Mustafa √áelik,tr,1.0,26.0,759804840,False
292670498.0, mehmet k√£¬∂se,mhtkose,100,Mehmet K√∂se,tr,67.0,437.0,292670498,False
148469186.0,ahmet akyol,Ahmet_AKYOL82,100,Ahmet Akyol,tr,5233.0,1868.0,148469186,False
462741096.0,muhammet demir,poemist2121,97,muhammet √∂zdemir,tr,25.0,19.0,462741096,False
85659155.0,ismail kahraman,ismailk2005,100,ismail kahraman,tr,174.0,464.0,85659155,False
260354514.0,recep acar,recepacar75,100,Recep Acar,tr,153.0,700.0,260354514,False
4869927863.0,merve irem ayar,miremayar,97,Merve ƒ∞rem Ayar,tr,233.0,163.0,486992786,False
116572924.0,mustafa kaya,ozkaya_mustafa,96,Mustafa √ñzkaya,tr,4881.0,616.0,116572924,False
8.9974190865e+17,zeynep mutlu,zeynepphepi,100,Zeynep Mutlu,tr,94.0,119.0,899741908,False
302222495.0,burak ozdemir,burakozdemir32,96,Burak √ñzdemir,tr,80.0,336.0,302222495,False
7.28174604943e+17,omer faruk kaya,OfarukKaya1,97,√ñmer Faruk Kaya,tr,18.0,353.0,728174604,False
168580477.0, erkan akdemir,srkn_akdemir,96,serkan akdemir,en,69.0,144.0,168580477,False
349229868.0,mehmet unsal,MUnal038,96,MEHMET UNAL,tr,12.0,41.0,349229868,False
105962645.0,harun tekin,haruntekin,100,Harun Tekin,en,13.0,192.0,105962645,False
419092391.0, ismail kara,ismailkara77,96,ƒ∞smail KARA,tr,196.0,309.0,419092391,False
7.53612668872e+17,ahmet kaya,scrrcsscr,100,Ahmet KAYA,tr,3.0,44.0,753612668,False
2409542312.0,andreas schrank,AndreasSchrank,100,Andreas Schrank,de,90.0,288.0,240954231,False
144098036.0, mehmet karakose,mhtkarakose,97,Mehmet Karak√∂se,en,373.0,462.0,144098036,False
404173433.0, ayhan demiriz,ayhandemiriz,100,Ayhan Demiriz,en,125.0,79.0,404173433,False
314595732.0,mustafa can,mustiican,100,Mustafa CAN,tr,48.0,360.0,314595732,False
2425322511.0, ibrahim kaya,hllbrhmky1650,100,ibrahim kaya,tr,42.0,77.0,242532251,False
577063420.0,mehmet kaya,m_kaya01,100,Mehmet KAYA,tr,368.0,1602.0,577063420,False
3054064906.0,mustafa yildirim,9db7be614a9141b,100,Mustafa Yildirim,tr,318.0,1975.0,305406490,False
3067516330.0, ibrahim turhan,ibrahimmturhan,97,ƒ∞brahim Turhan,tr,15074.0,148.0,306751633,False
439203857.0, erdal y√§¬±lmaz,ErdalYilmaz18,96,Erdal Yƒ±lmaz,tr,763.0,2066.0,439203857,False
344826965.0,mustafa karan,karamustafa90,96,Mustafa KARA,tr,1102.0,86.0,344826965,False
8.51049787412e+17,emre yavuz,emrece495,100,Emre Yavuz,en,1.0,149.0,851049787,False
365154925.0,ali yasin serdar,aliserdarali,100,Ali Yasin Serdar,tr,83.0,534.0,365154925,False
1103179490.0, ramazan aydin,miskale33,96,RAMAZAN √ñZAYDIN,tr,1680.0,4853.0,110317949,False
118146998.0,fatih er,fatiher99,100,Fatih er,en,21833.0,1762.0,118146998,False
872029765.0,mustafa cevik,drmcevik,100,Mustafa Cevik,tr,6716.0,542.0,872029765,False
4360779676.0,merve bayram,bayramrve1,100,Merve Bayram,tr,89.0,415.0,436077967,False
245400432.0,halil avci,haliilavci,100,Halil Avci,tr,634.0,484.0,245400432,False
614648680.0,salih kaya,salihka49056074,100,salih kaya,tr,23.0,347.0,614648680,False
1476205392.0,ayse emekci,aekmekci75,96,ayse ekmekci,en,12.0,41.0,147620539,False
4754013281.0,mustafa koc,MustafaKoca0227,96,Mustafa Koca,tr,11.0,301.0,475401328,False
7.99736704911e+17, mehmet gen√£¬ß,MehmetG81615421,100,Mehmet Gen√ß,tr,488.0,1123.0,799736704,False
9.61242449787e+17,kubra sahin,ZelonyD,100,kubra sahin,en,30.0,80.0,961242449,False
122762092.0,ozlem kaya,ozlemkya,100,Ozlem Kaya,en,276.0,1518.0,122762092,False
853472868.0,burak kaya,burakayax,100,Burak KAYA,tr,68.0,283.0,853472868,False
7.13509513568e+17,ali cetinkaya,korkmiyoruz,96,Ali √áetinkaya,tr,310.0,1225.0,713509513,False
8.00742744839e+17,enes ozturk,enesozt_,100,Enes Ozturk,tr,93.0,371.0,800742744,False
7.56885698922e+17,vildan dilber,vildan_dilber,100,Vildan Dilber,tr,112.0,117.0,756885698,False
1465665560.0,mustafa can,CannMustafa,100,Mustafa can,tr,242.0,927.0,146566556,False
3330174647.0, ahmet bulut,Takavar8,100,Ahmet bulut,en,6.0,74.0,333017464,False
3643453456.0,emine bayraktar,BayraktarEmin38,97,Emin Bayraktar,tr,1.0,232.0,364345345,False
3902598196.0,ahmet yaman,AchmedYamaN,100,ahmet yaman,tr,55.0,137.0,390259819,False
8.48264295075e+17,emre kaya,Emre213_Kya,100,Emre Kaya,tr,2.0,115.0,848264295,False
8.89481774434e+17,ayse gul aydin,g_aysegulaydin,100,Ayse Gul Aydin,tr,108.0,1665.0,889481774,False
2981367989.0,sumeyye kaya,sumeyyekaayaa,96,S√ºmeyye Kaya,tr,150.0,219.0,298136798,False
4092616402.0, ahmet sahin,SAHABE571KAKA,100,Ahmet Sahin,tr,156.0,508.0,409261640,False
568512503.0,mustafa karan,MusstafaKara,96,Mustafa Kara,tr,132.0,93.0,568512503,False
2969749605.0, hilal ay,hilalxay,100,Hilal Ay,tr,1361.0,82.0,296974960,False
3239219639.0,ahmet aslan,a_aslan1111,100,Ahmet Aslan,tr,95.0,347.0,323921963,False
1386503868.0,merve kaplan,MerveKaplan02,100,Merve Kaplanüáπüá∑,tr,1793.0,2696.0,138650386,False
1648299420.0,mehmet gezer,mmmgezer47,100,Mehmet Gezer,tr,1071.0,2268.0,164829942,False
8.08772994437e+17,mustafa yildirim,musti_china,100,Mustafa Yildirim,tr,5.0,67.0,808772994,False
190175889.0,yusuf demir,yusufdemir1,100,Yusuf Demir,tr,181.0,1036.0,190175889,False
8.04367445939e+17,alper yilmaz,xX_slayeralper,100,Alper Yilmaz,tr,98.0,816.0,804367445,False
9.47112488315e+17,murat boz,MuratBo86030090,100,Murat Boz,tr,40.0,955.0,947112488,False
9.12592573743e+17, yusuf arslan,yusuf1048,100,Yusuf Arslan,tr,0.0,26.0,912592573,False
359872305.0,huseyin sahin,huseyinyet,100,Huseyin SAHIN,tr,58.0,142.0,359872305,False
7.71958053936e+17, mustafa sari,delidemir_34,96,Mustafa Sabri,tr,180.0,837.0,771958053,False
891024134.0,mehmet vural,smmehmetvural,100,mehmet vural,tr,4.0,85.0,891024134,False
2774592275.0,burak kaya,brk38501,100,Burak Kaya,tr,162.0,420.0,277459227,False
7.54295526083e+17,erdal dursun,ErdalDursun19,100,Erdal Dursun,tr,87.0,125.0,754295526,False
2911356115.0,musa karabulut,0f0645d21d07472,100,MUSA KARABULUT,tr,647.0,2740.0,291135611,False
3312786069.0,mustafa yildirim,MUSTAFA37674332,100,MUSTAFA YILDIRIM,tr,29.0,759.0,331278606,False
8.05801504985e+17,murat can,canmurat3433,100,murat can,tr,261.0,1792.0,805801504,False
574782021.0,ozan ozturk,ozandubai,100,ozan ozturk,en,21.0,389.0,574782021,False
500122758.0,esma demir,EsmaDemiir,100,Esma Demir,tr,1133.0,225.0,500122758,False
22726182.0,burak sahin,bsahin,100,Burak Sahin,en,62.0,410.0,22726182,False
7.85730951909e+17,ahmet yerlikaya,ahmetyrlikaya,100,Ahmet Yerlikaya,tr,392.0,739.0,785730951,False
2190662140.0,samet altun,Sametaltunn,100,Samet altun,tr,91.0,179.0,219066214,False
733590338.0,ahmet gunaydin,ahmetgunaydin2,100,ahmet gunaydin,tr,2.0,19.0,733590338,False
9.14972464706e+17,ismail elik,smailel12645069,96,ƒ∞smail √áelik,tr,0.0,64.0,914972464,False
122663527.0,yunus cicek,rzgri,100,# yunus cicek #,tr,21.0,132.0,122663527,False
182798429.0,mehmet sumer,sincedoksaniki,96,Mehmet S√ºmer ‚åöÔ∏è,tr,386.0,634.0,182798429,False
2465723679.0,fatih aslan,AtlantikFatih,96,fatih arslan,tr,386.0,1093.0,246572367,False
367753207.0,merve bayram,MerveBayam1907,96,merve bayam,tr,13.0,174.0,367753207,False
848094679.0, mustafa aktan,mustafacakann,96,Mustafa √áakan,tr,287.0,307.0,848094679,False
9.52623980229e+17, ! philosophy,philosopy01,100,philosophy,tr,384.0,4952.0,952623980,False
1961321516.0,emre kaplan,emreekaaplan,100,Emre Kaplan,en-gb,21093.0,416.0,196132151,False
566067329.0,huseyin kara,huseyinKara11,100,huseyin Kara,tr,314.0,354.0,566067329,False
1053316274.0, mehmet akman,ulkermakman,100,mehmet akman,tr,15.0,61.0,105331627,False
7.60182724863e+17, abdullah dogan,furkanyayinevi,100,Abdullah Dogan,tr,30.0,79.0,760182724,False
1490384940.0,fatih uysal,kizil05elma,96,FATƒ∞H UYSAL,tr,68.0,1008.0,149038494,False
3293066663.0,mustafa erkan,m__erkan_,100,Mustafa Erkan ,tr,68.0,198.0,329306666,False
763402614.0,mehmet yilmaz,MEHMETY341900,100,MEHMET YILMAZ,tr,35.0,49.0,763402614,False
746961858.0,ahmet aslan,ahmetaslantr,100,AHMET ASLAN,tr,217.0,488.0,746961858,False
633057056.0,safa can demir,safacandemir,100,Safa Can Demir,en,8.0,100.0,633057056,False
541024754.0,ismail kahraman,ikahramanbv,97,ƒ∞smail Kahraman,tr,63064.0,3.0,541024754,False
1369935648.0,yusuf demir,YusufParadise,100,Yusuf Demir,tr,22.0,51.0,136993564,False
1934989512.0, gulsah kisabacak,gsimurgh,100,gulsah kisabacak,en,37.0,39.0,193498951,False
2265031542.0, mesut y√§¬±lmaz,mstylmz2013,96,Mesut Yƒ±lmaz,tr,170.0,1401.0,226503154,False
224265589.0,murat demir,MURATDEMIR06,96,MURAT DEMƒ∞R,en,5.0,47.0,224265589,False
267598434.0, canan eroz,cananeroz,100,canan eroz,en,42.0,112.0,267598434,False
225548294.0,serif ulker,ulkersi,96,Serife ULKER,tr,58.0,74.0,225548294,False
328485693.0,hasan aydin,sporizm0104,100,hasan aydin,tr,26.0,192.0,328485693,False
2584664159.0,adem yazici,ademyazici44,100,üáπüá∑ADEM YAZICIüáπüá∑,tr,86.0,438.0,258466415,False
606482438.0,aysel ozdemir,AyseOzdemirayse,96,Ayse Ozdemir,tr,177.0,619.0,606482438,False
7.19971624599e+17,salih orhan,Ramazanecevitd1,100,salih orhan,tr,95.0,828.0,719971624,False
3182399451.0,yildiz eksioglu,eksioglu_yildiz,100,yildiz eksioglu,tr,21.0,39.0,318239945,False
501589589.0,mehmet korkmaz,mehmet7448226,100,Mehmet KORKMAZ,tr,58.0,811.0,501589589,False
3415956083.0,ismail polat,ismailp69688149,100,ismail polat,tr,17.0,303.0,341595608,False
561229157.0,sinan tekin,sinantekin34,100,Sinan Tekin,tr,223.0,514.0,561229157,False
526351576.0,murat demir,maostre,100,murat demir,tr,205.0,509.0,526351576,False
3294241953.0,mustafa dursun,mdursun1968,96,Mustafadursun,tr,427.0,2544.0,329424195,False
2894482337.0,mehmet kara,mkara2001,100,Mehmet Kara,tr,857.0,4886.0,289448233,False
3385562337.0,muhammed aydin,muhammed54aydin,100,Muhammed AYDIN,tr,104.0,55.0,338556233,False
331175494.0,ali uysal,aliuysal42,100,Ali UYSAL,tr,318.0,1136.0,331175494,False
4038952396.0,mustafa demir,mustafa31873951,96,Mustafa DEMƒ∞R,tr,8.0,42.0,403895239,False
176358878.0, semih ceyhan,semihceyhan,100,semih ceyhan,tr,177.0,832.0,176358878,False
227981296.0,mehmet ozdemir,mehmet7573,100,Mehmet OzdemirÔ£ø,tr,6053.0,2355.0,227981296,False
4174301927.0,ismail demir,smailDe79765947,96,ƒ∞smail Demir,tr,44.0,240.0,417430192,False
2405215629.0,fatih cinar,FthCnr26,100,Fatih Cinar,tr,155.0,191.0,240521562,False
481423604.0,ebru yildirim,EYebru,100,Ebru YILDIRIM,en,82.0,299.0,481423604,False
7.19959143378e+17,ali cetinkaya,nuricrazy4,100,ali cetinkaya,tr,13.0,182.0,719959143,False
4842378580.0,ahmet karaca,karacaahmet__,100,Ahmet Karaca,tr,20.0,546.0,484237858,False
609944399.0,enes acar,Enes_Acarr,100,Enes Acar,de,759.0,1825.0,609944399,False
3297444092.0,sevdenur demir,Thalasa_,100,Sevdenur Demir,tr,201.0,695.0,329744409,False
2188877775.0,ensar yilmaz,25Ensar85,100,Ensar YILMAZ,tr,381.0,610.0,218887777,False
9.85498469225e+17, fatih durgun,AdamofUsk,100,Fatih Durgun,en,115.0,110.0,985498469,False
2262995779.0,ali kaya,aKarakoseli,100,ali kaya,tr,263.0,1117.0,226299577,False
1645656200.0,mehmet ozdemir,merhum25,96,Mehmet √ñzdemirüìö,tr,1393.0,4443.0,164565620,False
7.11174008705e+17,yusuf adiguzel,ysferc38,96,Yusuf ADIG√úZEL,tr,180.0,1554.0,711174008,False
1118339180.0,meltem akbulut,akbulut_meltem,100,Meltem Akbulut,en,36.0,55.0,111833918,False
380937967.0,ozlem bay,bay_ozlem,100,Ozlem BAY,en,941.0,583.0,380937967,False
3388831113.0,rabia aslan,arsln_rbia,96,rabia arslan,tr,57.0,314.0,338883111,False
334509225.0,yunus demir,yyuunnuuss03,100,yunus demir,tr,6.0,24.0,334509225,False
7.35798693162e+17,mustafa kaya,mustafakayafb,100,Mustafa Kaya üèÜ,tr,358.0,846.0,735798693,False
409159269.0, ali erken,erkenali1,100,ali erken,tr,19.0,37.0,409159269,False
2274358416.0,ismail polat,Abubekir6573,100,ismail polat,tr,78.0,295.0,227435841,False
225925670.0, ibrahim turhan,ituran56,96,ibrahim turan,en,14.0,399.0,225925670,False
4397682257.0,ali kaya,AliKaya5834,100,Ali Kaya,tr,159.0,591.0,439768225,False
2227377388.0,emre yavuz,Emrcn_yvz,100,Emre Yavuz,tr,111.0,1511.0,222737738,False
31348078.0, bulent keskin,bulentkeskin,100,Bulent Keskin,tr,180.0,125.0,31348078,False
928454131.0,burak cakir,burakcakir01,100,Burak Cakir,tr,1948.0,821.0,928454131,False
619082349.0,ahmet er,aahmeter,100,Ahmet Er,tr,135.0,1578.0,619082349,False
2154639220.0,huseyin arikan,arikan_huseyin,100,Huseyin Arikan,tr,61.0,118.0,215463922,False
2822439892.0,ahmet gunaydin,karakoyukahve,100,Ahmet Gunaydin,tr,367.0,518.0,282243989,False
3207687099.0,harun tekin,harun_tekin58,100,harun tekin,tr,85.0,436.0,320768709,False
4893124504.0,erdal dursun,erdal_dursun1,100,Erdal Dursun,tr,23.0,54.0,489312450,False
1950958082.0,mehmet sahin,mehmet_sain,96,mehmet sain,tr,25.0,188.0,195095808,False
497860167.0, emrah akkurt,Emrah_Akkurt,100,Emrah Akkurt,en,352.0,528.0,497860167,False
291122559.0,ammar rasid,AmmarRashed_MB,87,Ammar Rashed,en,392.0,337.0,291122559,False
